,,,,,,,,,,,,,,,,,,,,,,,,,,,,,,,,,,,,,,,,,,,,,,,,,,,,MEASURE - Metric tons in millions
,YEAR,1970,1971,1972,1973,1974,1975,1976,1977,1978,1979,1980,1981,1982,1983,1984,1985,1986,1987,1988,1989,1990,1991,1992,1993,1994,1995,1996,1997,1998,1999,2000,2001,2002,2003,2004,2005,2006.0,2007.0,2008.0,2009.0,2010.0,2011.0,2012.0,2013.0,2014.0,2015.0,2016.0,2017.0,2018.0,2019.0,2020.0
World,Crude oil loaded,1207,1210,1321,1514,1497,1364,1555,1599,1604,1725,1527,1364,1163,1069,1079,1049,1126,1107,1160,1260,1287,1333,1394,1443,1498,1532,1590,1626,1548,1553,1605,1678,1637,1690,1770,1857,1783.4149844,1813.6854967026,1784.848947834,1710.138876124,1784.591994724,1750.980735124,1785.425328124,1737.674084124,1711.701310124,1760.750510124,1832.259254124,1874.571816,1881.049999,1860.2627,1715.959589
World,Other tanker trade loaded,233,320,332,353,335,280,289,293,296,318,344,327,350,392,399,410,424,441,456,468,468,457,466,502,509,518,537,546,534,532,558,499,509,533,546,565,914.909858,933.6597746892,957.157525242,931.141210042,967.716429847,1028.474410917,1054.708422466,1090.582454466,1121.499636466,1178.050180712,1238.106786712,1279.015126,1319.750002,1302.649766,1202.301866
World,Dry cargo loaded,1165,1162,1221,1407,1472,1428,1522,1576,1650,1785,1833,1864,1760,1770,1886,1895,1835,1987,2119,2212,2253,2330,2360,2385,2478,2601,2631,2781,3549,3598,3821,3844,3981,4257,4442,4687,5003.7821713699,5288.8852746945,5485.5226566546,5176.829320533,5648.6153842941,5959.0981549249,6357.247006876,6624.669399522,6983.242531608,7074.325228608,7176.247926608,7560.302834608,7818.349999804,7907.620625804,7730.017347804
World,Total goods loaded,2605,2692,2874,3274,3304,3072,3366,3468,3550,3828,3704,3555,3273,3231,3364,3330,3385,3505,3735,3940,4008,4120,4220,4330,4485,4651,4758,4953,5631,5683,5984,6020,6127,6480,6758,7109,7702.1070137699,8036.2305460863,8227.5291297306,7818.109406699,8400.9238088651,8738.5533009659,9197.380757466,9452.925938112,9816.443478198,10013.125919444,10246.613967444,10713.889776608,11019.150000804,11070.533091804,10648.278802804
World,Crude oil discharged,1101,1199,1325,1521,1470,1373,1522,1585,1634,1724,1530,1363,1283,1133,1166,1128,1220,1110,1194,1300,1315,1355,1414,1465,1508,1550,1599,1625,1515,1543,1633,1712,1696,1743,1773,1854,1939.889977,1996.1929112,1942.789529264,1874.597022264,1939.385142264,1897.015427264,1930.006834264,1881.764727264,1850.156190264,1909.957720264,1985.471924264,2033.454364,2048.8033,2022.756764,1863.617364
World,Other tanker trade discharged,298,300,316,339,312,287,312,321,321,308,326,310,330,349,371,367,390,408,422,433,466,441,451,480,490,508,480,522,548,510,513,534,540,536,545,573,897.1748762936,901.6195530117,932.7749604448,922.6985863448,970.7252414448,1039.30706696,1055.8432073448,1090.6643663448,1087.5588783448,1175.4686083448,1234.7660233448,1287.8853083848,1338.5503933848,1320.4868003848,1221.9770083848
World,Dry cargo discharged,1131,1134,1217,1377,1472,1395,1518,1536,1570,1782,1823,1838,1780,1830,1928,1938,1860,2120,2248,2337,2365,2449,2480,2477,2575,2685,2734,2890,3855,3955,4097,3954,4099,4324,4469,4696,5065.6195152221,5165.4899295176,5419.3812140375,5044.1160860375,5454.0462100375,5766.0345350375,6129.4507844138,6510.82192848,6782.23864748,6879.30016748,7082.91691848,7365.65957948,7629.39314648,7711.83389548,7545.46893048
World,Total goods discharged,2529,2632,2858,3237,3254,3055,3352,3442,3525,3814,3679,3512,3393,3312,3465,3433,3470,3628,3866,4070,4126,4245,4345,4422,4573,4743,4815,5037,5918,6007,6242,6201,6335,6603,6787,7122,7902.6843685157,8063.3023937293,8294.9457037463,7841.4116946463,8364.1565937463,8702.3570292615,9115.3008260226,9483.2510220888,9719.9537160888,9964.7264960888,10303.1548660888,10686.9992518648,11016.7468398648,11055.0774598648,10631.0633028648
  Africa,Crude oil loaded,..,..,..,..,..,..,..,..,..,..,..,..,..,..,..,..,..,..,..,..,..,..,..,..,..,..,..,..,..,..,..,..,..,..,..,..,353.7560004,362.5100756,379.160766,354.000552,343.595579,338.005094,364.228317,327.533467,304.329,293.676,271.31952,291.32452,297.437,302.821999,236.121999
  Africa,Other tanker trade loaded,..,..,..,..,..,..,..,..,..,..,..,..,..,..,..,..,..,..,..,..,..,..,..,..,..,..,..,..,..,..,..,..,..,..,..,..,86.031779,81.843875,83.306964,82.958886,81.522625,68.51641,70.150096,82.38955,74.346152,58.576152,58.781827,70.433107,70.433862,91.641665,83.433365
  Africa,Dry cargo loaded,..,..,..,..,..,..,..,..,..,..,..,..,..,..,..,..,..,..,..,..,..,..,..,..,..,..,..,..,..,..,..,..,..,..,..,..,282.1156137999,287.737009575,300.8865594895,273.0950774895,301.276332608,321.869642608,325.838947608,365.430424608,359.436201608,362.756716608,363.561608608,376.519173608,395.164557804,419.618227804,415.908227804
  Africa,Total goods loaded,..,..,..,..,..,..,..,..,..,..,..,..,..,..,..,..,..,..,..,..,..,..,..,..,..,..,..,..,..,..,..,..,..,..,..,..,721.9033931999,732.090960175,763.3542894895,710.0545154895,726.394536608,728.391146608,760.217360608,775.353441608,738.111353608,715.008868608,693.662955608,738.276800608,763.035419804,814.081891804,735.463591804
  Africa,Crude oil discharged,..,..,..,..,..,..,..,..,..,..,..,..,..,..,..,..,..,..,..,..,..,..,..,..,..,..,..,..,..,..,..,..,..,..,..,..,41.268747,45.702275,45.0193,44.600192,42.020148,37.7858,32.7685,36.611,37.19,39.35,38.698,40.511,39.042,35.314,30.599
  Africa,Other tanker trade discharged,..,..,..,..,..,..,..,..,..,..,..,..,..,..,..,..,..,..,..,..,..,..,..,..,..,..,..,..,..,..,..,..,..,..,..,..,39.0017442936,44.5413190349,43.524576,39.763217,39.337152,46.311793,51.053201,59.499264,70.999087,72.081207,81.189159,93.528883,99.938864,113.364316,107.944316
  Africa,Dry cargo discharged,..,..,..,..,..,..,..,..,..,..,..,..,..,..,..,..,..,..,..,..,..,..,..,..,..,..,..,..,..,..,..,..,..,..,..,..,268.7431013221,290.1789014165,288.4767431597,301.8380391597,319.3501551597,275.6798201597,298.928445,310.710785,337.000246,363.505445,360.14731,341.965033,362.828433,384.995433,371.515274
  Africa,Total goods discharged,..,..,..,..,..,..,..,..,..,..,..,..,..,..,..,..,..,..,..,..,..,..,..,..,..,..,..,..,..,..,..,..,..,..,..,..,349.0135926157,380.4224954514,377.0206191597,386.2014481597,400.7074551597,359.7774131597,382.750146,406.821049,445.189333,474.936652,480.034469,476.004916,501.809297,533.673749,510.05859
    Northern Africa,Crude oil loaded,..,..,..,..,..,..,..,..,..,..,..,..,..,..,..,..,..,..,..,..,..,..,..,..,..,..,..,..,..,..,..,..,..,..,..,..,129.235883,129.685252,132.921202,120.044848,122.584173,93.709094,127.958117,96.221767,67.882,63.452,57.645,83.6,88.436,92.243,54.443
    Northern Africa,Other tanker trade loaded,..,..,..,..,..,..,..,..,..,..,..,..,..,..,..,..,..,..,..,..,..,..,..,..,..,..,..,..,..,..,..,..,..,..,..,..,64.482014,62.595084,61.856841,65.440912,65.010029,41.627395,39.228657,53.096,43.936607,31.962607,29.718244,30.320607,28.657407,43.027607,37.749307
    Northern Africa,Dry cargo loaded,..,..,..,..,..,..,..,..,..,..,..,..,..,..,..,..,..,..,..,..,..,..,..,..,..,..,..,..,..,..,..,..,..,..,..,..,85.2258500115,82.5125921786,79.534753,72.160002,78.505864,86.119935,91.037528,100.977777,95.588409,82.113409,83.085363,88.128653,105.420653,115.796153,113.796153
    Northern Africa,Total goods loaded,..,..,..,..,..,..,..,..,..,..,..,..,..,..,..,..,..,..,..,..,..,..,..,..,..,..,..,..,..,..,..,..,..,..,..,..,278.9437470115,274.7929281786,274.312796,257.645762,266.100066,221.456424,258.224302,250.295544,207.407016,177.528016,170.448607,202.04926,222.51406,251.06676,205.98846
    Northern Africa,Crude oil discharged,..,..,..,..,..,..,..,..,..,..,..,..,..,..,..,..,..,..,..,..,..,..,..,..,..,..,..,..,..,..,..,..,..,..,..,..,5.972803,7.528249,11.304,12.2433,11.2644,8.15,8.966,9.766,7.4,7.7,9.498,11.585,13.978,9.355,6.255
    Northern Africa,Other tanker trade discharged,..,..,..,..,..,..,..,..,..,..,..,..,..,..,..,..,..,..,..,..,..,..,..,..,..,..,..,..,..,..,..,..,..,..,..,..,13.8272732587,14.982804,17.142607,15.029252,15.141015,15.877,14.95288,22.08988,31.38188,29.175,28.586633,32.608,36.028,42.928,38.928
    Northern Africa,Dry cargo discharged,..,..,..,..,..,..,..,..,..,..,..,..,..,..,..,..,..,..,..,..,..,..,..,..,..,..,..,..,..,..,..,..,..,..,..,..,143.228237875,156.5588371529,155.125969,163.026601,178.087828,135.203516,143.552864,149.729982,168.262886,188.069766,185.874389,178.815723,183.746123,190.616123,176.716123
    Northern Africa,Total goods discharged,..,..,..,..,..,..,..,..,..,..,..,..,..,..,..,..,..,..,..,..,..,..,..,..,..,..,..,..,..,..,..,..,..,..,..,..,163.0283141337,179.0698901529,183.572576,190.299153,204.493243,159.230516,167.471744,181.585862,207.044766,224.944766,223.959022,223.008723,233.752123,242.899123,221.899123
    Sub-Saharan Africa,Crude oil loaded,..,..,..,..,..,..,..,..,..,..,..,..,..,..,..,..,..,..,..,..,..,..,..,..,..,..,..,..,..,..,..,..,..,..,..,..,224.5201174,232.8248236,246.239564,233.955704,221.011406,244.296,236.2702,231.3117,236.447,230.224,213.67452,207.72452,209.001,210.578999,181.678999
    Sub-Saharan Africa,Other tanker trade loaded,..,..,..,..,..,..,..,..,..,..,..,..,..,..,..,..,..,..,..,..,..,..,..,..,..,..,..,..,..,..,..,..,..,..,..,..,21.549765,19.248791,21.450123,17.517974,16.512596,26.889015,30.921439,29.29355,30.409545,26.613545,29.063583,40.1125,41.776455,48.614058,45.684058
    Sub-Saharan Africa,Dry cargo loaded,..,..,..,..,..,..,..,..,..,..,..,..,..,..,..,..,..,..,..,..,..,..,..,..,..,..,..,..,..,..,..,..,..,..,..,..,196.8897637884,205.2244173964,221.3518064895,200.9350754895,222.770468608,235.749707608,234.801419608,264.452647608,263.847792608,280.643307608,280.476245608,288.390520608,289.743904804,303.822074804,302.112074804
    Sub-Saharan Africa,Total goods loaded,..,..,..,..,..,..,..,..,..,..,..,..,..,..,..,..,..,..,..,..,..,..,..,..,..,..,..,..,..,..,..,..,..,..,..,..,442.9596461884,457.2980319964,489.0414934895,452.4087534895,460.294470608,506.934722608,501.993058608,525.057897608,530.704337608,537.480852608,523.214348608,536.227540608,540.521359804,563.015131804,529.475131804
    Sub-Saharan Africa,Crude oil discharged,..,..,..,..,..,..,..,..,..,..,..,..,..,..,..,..,..,..,..,..,..,..,..,..,..,..,..,..,..,..,..,..,..,..,..,..,35.295944,38.174026,33.7153,32.356892,30.755748,29.6358,23.8025,26.845,29.79,31.65,29.2,28.926,25.064,25.959,24.344
    Sub-Saharan Africa,Other tanker trade discharged,..,..,..,..,..,..,..,..,..,..,..,..,..,..,..,..,..,..,..,..,..,..,..,..,..,..,..,..,..,..,..,..,..,..,..,..,25.1744710349,29.5585150349,26.381969,24.733965,24.196137,30.434793,36.100321,37.409384,39.617207,42.906207,52.602526,60.920883,63.910864,70.436316,69.016316
    Sub-Saharan Africa,Dry cargo discharged,..,..,..,..,..,..,..,..,..,..,..,..,..,..,..,..,..,..,..,..,..,..,..,..,..,..,..,..,..,..,..,..,..,..,..,..,125.5148634471,133.6200642636,133.3507741597,138.8114381597,141.2623271597,140.4763041597,155.375581,160.980803,168.73736,175.435679,174.272921,163.14931,179.08231,194.37931,194.799151
    Sub-Saharan Africa,Total goods discharged,..,..,..,..,..,..,..,..,..,..,..,..,..,..,..,..,..,..,..,..,..,..,..,..,..,..,..,..,..,..,..,..,..,..,..,..,185.985278482,201.3526052985,193.4480431597,195.9022951597,196.2142121597,200.5468971597,215.278402,225.235187,238.144567,249.991886,256.075447,252.996193,268.057174,290.774626,288.159467
      Eastern Africa,Crude oil loaded,..,..,..,..,..,..,..,..,..,..,..,..,..,..,..,..,..,..,..,..,..,..,..,..,..,..,..,..,..,..,..,..,..,..,..,..,0.0,0.0,0.0,0.0,0.0,0.0,0.0,0.0,0.0,0.0,0.0,0.059,0.096,3.286,3.186
      Eastern Africa,Other tanker trade loaded,..,..,..,..,..,..,..,..,..,..,..,..,..,..,..,..,..,..,..,..,..,..,..,..,..,..,..,..,..,..,..,..,..,..,..,..,0.463946,0.431467,0.298497,0.0,0.0,0.359659,0.466611,0.399487,0.399487,0.403487,0.549525,2.768442,4.065397,8.384,8.264
      Eastern Africa,Dry cargo loaded,..,..,..,..,..,..,..,..,..,..,..,..,..,..,..,..,..,..,..,..,..,..,..,..,..,..,..,..,..,..,..,..,..,..,..,..,21.048876,21.070499608,22.163322608,19.597399608,20.332599608,18.256874608,16.390338608,15.449197608,16.650025608,16.515025608,17.192876608,17.281356608,19.273637804,19.790618804,19.290618804
      Eastern Africa,Total goods loaded,..,..,..,..,..,..,..,..,..,..,..,..,..,..,..,..,..,..,..,..,..,..,..,..,..,..,..,..,..,..,..,..,..,..,..,..,21.512822,21.501966608,22.461819608,19.597399608,20.332599608,18.616533608,16.856949608,15.848684608,17.049512608,16.918512608,17.742401608,20.108798608,23.435034804,31.460618804,30.740618804
      Eastern Africa,Crude oil discharged,..,..,..,..,..,..,..,..,..,..,..,..,..,..,..,..,..,..,..,..,..,..,..,..,..,..,..,..,..,..,..,..,..,..,..,..,2.123,2.123,1.773,1.737,1.87206,1.42,1.772,1.872,0.6,0.6,0.349,0.7,0.262,0.735,0.0
      Eastern Africa,Other tanker trade discharged,..,..,..,..,..,..,..,..,..,..,..,..,..,..,..,..,..,..,..,..,..,..,..,..,..,..,..,..,..,..,..,..,..,..,..,..,7.138041,7.942566,6.94666,8.513846,7.902316,8.613416,9.755275,8.68101,10.922216,9.367216,13.633216,16.613916,16.128216,19.078916,18.868916
      Eastern Africa,Dry cargo discharged,..,..,..,..,..,..,..,..,..,..,..,..,..,..,..,..,..,..,..,..,..,..,..,..,..,..,..,..,..,..,..,..,..,..,..,..,16.813177,18.9961146568,20.094447,17.937724,19.772038,21.916975,22.176485,24.892427,25.834542,29.016861,30.970892,32.898281,37.122281,52.454281,52.534122
      Eastern Africa,Total goods discharged,..,..,..,..,..,..,..,..,..,..,..,..,..,..,..,..,..,..,..,..,..,..,..,..,..,..,..,..,..,..,..,..,..,..,..,..,26.074218,29.0616806568,28.814107,28.18857,29.546414,31.950391,33.70376,35.445437,37.356758,38.984077,44.953108,50.212197,53.512497,72.268197,71.403038
      Middle Africa,Crude oil loaded,..,..,..,..,..,..,..,..,..,..,..,..,..,..,..,..,..,..,..,..,..,..,..,..,..,..,..,..,..,..,..,..,..,..,..,..,113.95292,122.68292,134.181564,129.26418,124.450406,129.336,128.4172,131.701,124.302,124.879,124.154,112.548,110.229,105.437,100.637
      Middle Africa,Other tanker trade loaded,..,..,..,..,..,..,..,..,..,..,..,..,..,..,..,..,..,..,..,..,..,..,..,..,..,..,..,..,..,..,..,..,..,..,..,..,2.564,2.624334,5.849698,1.9792,2.032098,6.015098,7.0677,5.928,6.563,6.463,7.551,6.707,7.825,7.525,6.976
      Middle Africa,Dry cargo loaded,..,..,..,..,..,..,..,..,..,..,..,..,..,..,..,..,..,..,..,..,..,..,..,..,..,..,..,..,..,..,..,..,..,..,..,..,6.2588318815,7.7639298815,8.9643998815,8.5020958815,9.170016,9.302318,11.272573,12.830573,11.130573,12.630573,13.630573,13.9353,16.6883,16.3863,16.1763
      Middle Africa,Total goods loaded,..,..,..,..,..,..,..,..,..,..,..,..,..,..,..,..,..,..,..,..,..,..,..,..,..,..,..,..,..,..,..,..,..,..,..,..,122.7757518815,133.0711838815,148.9956618815,139.7454758815,135.65252,144.653416,146.757473,150.459573,141.995573,143.972573,145.335573,133.1903,134.7423,129.3483,123.7893
      Middle Africa,Crude oil discharged,..,..,..,..,..,..,..,..,..,..,..,..,..,..,..,..,..,..,..,..,..,..,..,..,..,..,..,..,..,..,..,..,..,..,..,..,2.139,2.8035,1.743,1.870468,1.618788,1.42,0.865,1.6,1.9,1.9,2.12,2.82,1.324,1.332,1.122
      Middle Africa,Other tanker trade discharged,..,..,..,..,..,..,..,..,..,..,..,..,..,..,..,..,..,..,..,..,..,..,..,..,..,..,..,..,..,..,..,..,..,..,..,..,1.684129,1.891129,2.795141,2.749226,2.749226,3.837843,4.355726,4.432726,3.940343,6.322343,8.388343,8.612,5.835,6.895,6.885
      Middle Africa,Dry cargo discharged,..,..,..,..,..,..,..,..,..,..,..,..,..,..,..,..,..,..,..,..,..,..,..,..,..,..,..,..,..,..,..,..,..,..,..,..,7.327457,7.6538081597,8.9339541597,9.8739941597,11.3924941597,12.0283951597,13.82864,15.9314,17.213237,16.513237,15.553237,16.453237,21.233237,27.802237,28.002237
      Middle Africa,Total goods discharged,..,..,..,..,..,..,..,..,..,..,..,..,..,..,..,..,..,..,..,..,..,..,..,..,..,..,..,..,..,..,..,..,..,..,..,..,11.150586,12.3484371597,13.4720951597,14.4936881597,15.7605081597,17.2862381597,19.049366,21.964126,23.05358,24.73558,26.06158,27.885237,28.392237,36.029237,36.009237
      Southern Africa,Crude oil loaded,..,..,..,..,..,..,..,..,..,..,..,..,..,..,..,..,..,..,..,..,..,..,..,..,..,..,..,..,..,..,..,..,..,..,..,..,0.005,0.005,0.2988,0.268,0.284,0.0,0.0,0.5107,0.0,0.0,0.0,0.0,0.0,0.0,0.0
      Southern Africa,Other tanker trade loaded,..,..,..,..,..,..,..,..,..,..,..,..,..,..,..,..,..,..,..,..,..,..,..,..,..,..,..,..,..,..,..,..,..,..,..,..,5.92,5.92,6.165528,5.084,5.38904,2.45,3.9445,3.969005,3.3,3.0,3.216,3.6,4.616,5.63,5.17
      Southern Africa,Dry cargo loaded,..,..,..,..,..,..,..,..,..,..,..,..,..,..,..,..,..,..,..,..,..,..,..,..,..,..,..,..,..,..,..,..,..,..,..,..,129.8627260069,129.8627260069,136.041419,131.478596,139.46495,150.7406,159.833718,161.550628,163.35,174.65,166.969,173.756,168.93,173.106,173.106
      Southern Africa,Total goods loaded,..,..,..,..,..,..,..,..,..,..,..,..,..,..,..,..,..,..,..,..,..,..,..,..,..,..,..,..,..,..,..,..,..,..,..,..,135.7877260069,135.7877260069,142.505747,136.830596,145.13799,153.1906,163.778218,166.030333,166.65,177.65,170.185,177.356,173.546,178.736,178.276
      Southern Africa,Crude oil discharged,..,..,..,..,..,..,..,..,..,..,..,..,..,..,..,..,..,..,..,..,..,..,..,..,..,..,..,..,..,..,..,..,..,..,..,..,25.62517,25.62517,23.406,21.963,20.758,21.698,15.869,17.023,21.54,23.2,23.006,20.03,18.903,19.47,18.87
      Southern Africa,Other tanker trade discharged,..,..,..,..,..,..,..,..,..,..,..,..,..,..,..,..,..,..,..,..,..,..,..,..,..,..,..,..,..,..,..,..,..,..,..,..,2.6005137349,2.6005137349,3.146508,2.682,2.497374,2.478,4.52,4.455,8.455,8.455,9.131,8.163,10.75,11.46,11.56
      Southern Africa,Dry cargo discharged,..,..,..,..,..,..,..,..,..,..,..,..,..,..,..,..,..,..,..,..,..,..,..,..,..,..,..,..,..,..,..,..,..,..,..,..,39.1409879471,39.1409879471,42.786962,44.796362,36.947648,26.816093,30.515705,29.028811,27.03,25.67,27.042,21.107,24.647,23.243,22.983
      Southern Africa,Total goods discharged,..,..,..,..,..,..,..,..,..,..,..,..,..,..,..,..,..,..,..,..,..,..,..,..,..,..,..,..,..,..,..,..,..,..,..,..,67.366671682,67.366671682,69.33947,69.441362,60.203022,50.992093,50.904705,50.506811,57.025,57.325,59.179,49.3,54.3,54.173,53.413
      Western Africa,Crude oil loaded,..,..,..,..,..,..,..,..,..,..,..,..,..,..,..,..,..,..,..,..,..,..,..,..,..,..,..,..,..,..,..,..,..,..,..,..,110.5621974,110.1369036,111.7592,104.423524,96.277,114.96,107.853,99.1,112.145,105.345,89.52052,95.11752,98.676,101.855999,77.855999
      Western Africa,Other tanker trade loaded,..,..,..,..,..,..,..,..,..,..,..,..,..,..,..,..,..,..,..,..,..,..,..,..,..,..,..,..,..,..,..,..,..,..,..,..,12.601819,10.27299,9.1364,10.454774,9.091458,18.064258,19.442628,18.997058,20.147058,16.747058,17.747058,27.037058,25.270058,27.075058,25.274058
      Western Africa,Dry cargo loaded,..,..,..,..,..,..,..,..,..,..,..,..,..,..,..,..,..,..,..,..,..,..,..,..,..,..,..,..,..,..,..,..,..,..,..,..,39.7193299,46.5272619,54.182665,41.356984,53.802903,57.449915,47.30479,74.622249,72.717194,76.847709,82.683796,83.417864,84.851967,94.539156,93.539156
      Western Africa,Total goods loaded,..,..,..,..,..,..,..,..,..,..,..,..,..,..,..,..,..,..,..,..,..,..,..,..,..,..,..,..,..,..,..,..,..,..,..,..,162.8833463,166.9371555,175.078265,156.235282,159.171361,190.474173,174.600418,192.719307,205.009252,198.939767,189.951374,205.572442,208.798025,223.470213,196.669213
      Western Africa,Crude oil discharged,..,..,..,..,..,..,..,..,..,..,..,..,..,..,..,..,..,..,..,..,..,..,..,..,..,..,..,..,..,..,..,..,..,..,..,..,5.408774,7.622356,6.7933,6.786424,6.5069,5.0978,5.2965,6.35,5.75,5.95,3.725,5.376,4.575,4.422,4.352
      Western Africa,Other tanker trade discharged,..,..,..,..,..,..,..,..,..,..,..,..,..,..,..,..,..,..,..,..,..,..,..,..,..,..,..,..,..,..,..,..,..,..,..,..,13.7517873,17.1243063,13.49366,10.788893,11.047221,15.505534,17.46932,19.840648,16.299648,18.761648,21.449967,27.531967,31.197648,33.0024,31.7024
      Western Africa,Dry cargo discharged,..,..,..,..,..,..,..,..,..,..,..,..,..,..,..,..,..,..,..,..,..,..,..,..,..,..,..,..,..,..,..,..,..,..,..,..,62.2332415,67.8291535,61.535411,66.203358,73.150147,79.714841,88.854751,91.128165,98.659581,104.235581,100.706792,92.690792,96.079792,90.879792,91.279792
      Western Africa,Total goods discharged,..,..,..,..,..,..,..,..,..,..,..,..,..,..,..,..,..,..,..,..,..,..,..,..,..,..,..,..,..,..,..,..,..,..,..,..,81.3938028,92.5758158,81.822371,83.778675,90.704268,100.318175,111.620571,117.318813,120.709229,128.947229,125.881759,125.598759,131.85244,128.304192,127.334192
  America,Crude oil loaded,..,..,..,..,..,..,..,..,..,..,..,..,..,..,..,..,..,..,..,..,..,..,..,..,..,..,..,..,..,..,..,..,..,..,..,..,273.471972,277.1239633026,258.68846771,249.595114,256.4390566,278.083976,284.037128,273.697821,275.656233,274.531233,293.545358,298.1713,324.024321,417.502432,393.938321
  America,Other tanker trade loaded,..,..,..,..,..,..,..,..,..,..,..,..,..,..,..,..,..,..,..,..,..,..,..,..,..,..,..,..,..,..,..,..,..,..,..,..,180.248318,181.9546600952,212.02477253,197.72801933,200.172804135,232.336833205,223.39105,206.228898,216.110328,230.836648,222.936648,228.949448,262.1503,211.8132,184.9396
  America,Dry cargo loaded,..,..,..,..,..,..,..,..,..,..,..,..,..,..,..,..,..,..,..,..,..,..,..,..,..,..,..,..,..,..,..,..,..,..,..,..,1122.366645,1240.8848833011,1330.0361562411,1228.6122192411,1348.4876236861,1465.9280563169,1570.170374354,1604.02501,1631.983452,1724.308302,1724.713245,1772.674923,1835.159273,1937.257284,1907.047544
  America,Total goods loaded,..,..,..,..,..,..,..,..,..,..,..,..,..,..,..,..,..,..,..,..,..,..,..,..,..,..,..,..,..,..,..,..,..,..,..,..,1576.086935,1699.9635066989,1800.7493964811,1675.9353525711,1805.0994844211,1976.3488655219,2077.598552354,2083.951729,2123.750013,2229.676183,2241.195251,2299.795671,2421.333894,2566.572916,2485.925465
  America,Crude oil discharged,..,..,..,..,..,..,..,..,..,..,..,..,..,..,..,..,..,..,..,..,..,..,..,..,..,..,..,..,..,..,..,..,..,..,..,..,564.710419,589.5149312,555.506235,509.534799,532.784751,484.126285,476.375046,425.674002,378.460862,355.100712,349.171712,313.5592,303.2712,294.02746,236.62246
  America,Other tanker trade discharged,..,..,..,..,..,..,..,..,..,..,..,..,..,..,..,..,..,..,..,..,..,..,..,..,..,..,..,..,..,..,..,..,..,..,..,..,217.384934,220.0949949768,208.7476804848,205.5499413848,211.8098214848,187.753406,195.6651423848,191.6678753848,202.4679153848,202.7806553848,223.0354353848,215.7799243848,240.0002663848,251.7306333848,223.2806333848
  America,Dry cargo discharged,..,..,..,..,..,..,..,..,..,..,..,..,..,..,..,..,..,..,..,..,..,..,..,..,..,..,..,..,..,..,..,..,..,..,..,..,755.791534,729.0380888478,703.0690933978,540.4278303978,597.6215723978,694.4146083978,752.7166089338,828.022493,826.976604,850.878234,833.37277,897.143682,970.754032,960.601772,939.49813
  America,Total goods discharged,..,..,..,..,..,..,..,..,..,..,..,..,..,..,..,..,..,..,..,..,..,..,..,..,..,..,..,..,..,..,..,..,..,..,..,..,1537.886887,1538.6480150246,1467.3230088826,1255.5125707826,1342.2161448826,1366.2942993978,1424.7567973186,1445.3643703848,1407.9053813848,1408.7596013848,1405.5799173848,1426.4828063848,1514.0254983848,1506.3598653848,1399.4012233848
    Northern America,Crude oil loaded,..,..,..,..,..,..,..,..,..,..,..,..,..,..,..,..,..,..,..,..,..,..,..,..,..,..,..,..,..,..,..,..,..,..,..,..,22.155,24.8505851926,24.105641,23.879814,25.4863,24.255076,30.727321,33.727321,43.055233,51.055233,61.055233,72.977321,123.407321,195.557321,193.477321
    Northern America,Other tanker trade loaded,..,..,..,..,..,..,..,..,..,..,..,..,..,..,..,..,..,..,..,..,..,..,..,..,..,..,..,..,..,..,..,..,..,..,..,..,86.368834,91.3018013652,119.006254,123.755065,126.947679205,154.353583205,137.445,136.418648,139.682328,147.018648,142.018648,157.018648,173.5,130.5,109.3
    Northern America,Dry cargo loaded,..,..,..,..,..,..,..,..,..,..,..,..,..,..,..,..,..,..,..,..,..,..,..,..,..,..,..,..,..,..,..,..,..,..,..,..,436.845474,516.7054016784,549.410575,498.498077,523.095574845,563.997593845,626.8078559,650.148031,640.047251,680.047251,683.447487,706.0,739.04,833.953,813.953
    Northern America,Total goods loaded,..,..,..,..,..,..,..,..,..,..,..,..,..,..,..,..,..,..,..,..,..,..,..,..,..,..,..,..,..,..,..,..,..,..,..,..,545.369308,632.8577882362,692.52247,646.132956,675.52955405,742.60625305,794.9801769,820.294,822.784812,878.121132,886.521368,935.995969,1035.947321,1160.010321,1116.730321
    Northern America,Crude oil discharged,..,..,..,..,..,..,..,..,..,..,..,..,..,..,..,..,..,..,..,..,..,..,..,..,..,..,..,..,..,..,..,..,..,..,..,..,500.961953,513.511226,481.288635,445.183983,463.484385,413.039399,401.775,356.3,313.33886,289.33886,297.25086,266.05,256.2,248.98,196.98
    Northern America,Other tanker trade discharged,..,..,..,..,..,..,..,..,..,..,..,..,..,..,..,..,..,..,..,..,..,..,..,..,..,..,..,..,..,..,..,..,..,..,..,..,155.670245,156.059949592,138.870102,131.997046,135.207828,113.883838,112.092,102.3,102.66108,100.66108,94.80108,74.356108,90.75,108.0,93.3
    Northern America,Dry cargo discharged,..,..,..,..,..,..,..,..,..,..,..,..,..,..,..,..,..,..,..,..,..,..,..,..,..,..,..,..,..,..,..,..,..,..,..,..,492.11595,453.133657,414.327301,306.425569,334.987334,368.554627,378.496,431.342,420.20006,429.20006,447.55446,477.904,529.0,528.004,519.004
    Northern America,Total goods discharged,..,..,..,..,..,..,..,..,..,..,..,..,..,..,..,..,..,..,..,..,..,..,..,..,..,..,..,..,..,..,..,..,..,..,..,..,1148.748148,1122.704832592,1034.486038,883.606598,933.679547,895.477864,892.363,889.942,836.2,819.2,839.6064,818.310108,875.95,884.984,809.284
    Latin America and the Caribbean,Crude oil loaded,..,..,..,..,..,..,..,..,..,..,..,..,..,..,..,..,..,..,..,..,..,..,..,..,..,..,..,..,..,..,..,..,..,..,..,..,251.316972,252.27337811,234.58282671,225.7153,230.9527566,253.8289,253.309807,239.9705,232.601,223.476,232.490125,225.193979,200.617,221.945111,200.461
    Latin America and the Caribbean,Other tanker trade loaded,..,..,..,..,..,..,..,..,..,..,..,..,..,..,..,..,..,..,..,..,..,..,..,..,..,..,..,..,..,..,..,..,..,..,..,..,93.879484,90.65285873,93.01851853,73.97295433,73.22512493,77.98325,85.94605,69.81025,76.428,83.818,80.918,71.9308,88.6503,81.3132,75.6396
    Latin America and the Caribbean,Dry cargo loaded,..,..,..,..,..,..,..,..,..,..,..,..,..,..,..,..,..,..,..,..,..,..,..,..,..,..,..,..,..,..,..,..,..,..,..,..,685.521171,724.1794816227,780.6255812411,730.1141422411,825.3920488411,901.9304624719,943.362518454,953.876979,991.936201,1044.261051,1041.265758,1066.674923,1096.119273,1103.304284,1093.094544
    Latin America and the Caribbean,Total goods loaded,..,..,..,..,..,..,..,..,..,..,..,..,..,..,..,..,..,..,..,..,..,..,..,..,..,..,..,..,..,..,..,..,..,..,..,..,1030.717627,1067.1057184627,1108.2269264811,1029.8023965711,1129.5699303711,1233.7426124719,1282.618375454,1263.657729,1300.965201,1351.555051,1354.673883,1363.799702,1385.386573,1406.562595,1369.195144
    Latin America and the Caribbean,Crude oil discharged,..,..,..,..,..,..,..,..,..,..,..,..,..,..,..,..,..,..,..,..,..,..,..,..,..,..,..,..,..,..,..,..,..,..,..,..,63.748466,76.0037052,74.2176,64.350816,69.300366,71.086886,74.600046,69.374002,65.122002,65.761852,51.920852,47.5092,47.0712,45.04746,39.64246
    Latin America and the Caribbean,Other tanker trade discharged,..,..,..,..,..,..,..,..,..,..,..,..,..,..,..,..,..,..,..,..,..,..,..,..,..,..,..,..,..,..,..,..,..,..,..,..,61.714689,64.0350453848,69.8775784848,73.5528953848,76.6019934848,73.869568,83.5731423848,89.3678753848,99.8068353848,102.1195753848,128.2343553848,141.4238163848,149.2502663848,143.7306333848,129.9806333848
    Latin America and the Caribbean,Dry cargo discharged,..,..,..,..,..,..,..,..,..,..,..,..,..,..,..,..,..,..,..,..,..,..,..,..,..,..,..,..,..,..,..,..,..,..,..,..,263.675584,275.9044318478,288.7417923978,234.0022613978,262.6342383978,325.8599813978,374.2206089338,396.680493,406.776544,421.678174,385.81831,419.239682,441.754032,432.597772,420.49413
    Latin America and the Caribbean,Total goods discharged,..,..,..,..,..,..,..,..,..,..,..,..,..,..,..,..,..,..,..,..,..,..,..,..,..,..,..,..,..,..,..,..,..,..,..,..,389.138739,415.9431824326,432.8369708826,371.9059727826,408.5365978826,470.8164353978,532.3937973186,555.4223703848,571.7053813848,589.5596013848,565.9735173848,608.1726983848,638.0754983848,621.3758653848,590.1172233848
      Caribbean,Crude oil loaded,..,..,..,..,..,..,..,..,..,..,..,..,..,..,..,..,..,..,..,..,..,..,..,..,..,..,..,..,..,..,..,..,..,..,..,..,4.18615,6.52912611,7.52912611,3.753,3.753,3.724,3.8535,5.8535,1.52,1.52,1.421,1.952725,1.169,0.366111,1.0
      Caribbean,Other tanker trade loaded,..,..,..,..,..,..,..,..,..,..,..,..,..,..,..,..,..,..,..,..,..,..,..,..,..,..,..,..,..,..,..,..,..,..,..,..,29.691484,27.45125933,30.49507433,20.37463433,19.56363433,21.9745,27.3523,22.3543,30.446,32.356,32.55,29.145,30.542,26.775,23.145
      Caribbean,Dry cargo loaded,..,..,..,..,..,..,..,..,..,..,..,..,..,..,..,..,..,..,..,..,..,..,..,..,..,..,..,..,..,..,..,..,..,..,..,..,19.245053,20.6337957175,25.5989710179,18.6970820179,20.8875210179,22.6866760179,29.206144,23.114044,18.676739,19.275589,17.948589,17.832089,16.813414,18.606431,17.379431
      Caribbean,Total goods loaded,..,..,..,..,..,..,..,..,..,..,..,..,..,..,..,..,..,..,..,..,..,..,..,..,..,..,..,..,..,..,..,..,..,..,..,..,53.122687,54.6141811575,63.6231714579,42.8247163479,44.2041553479,48.3851760179,60.411944,51.321844,50.642739,53.151589,51.919589,48.929814,48.524414,45.747542,41.524431
      Caribbean,Crude oil discharged,..,..,..,..,..,..,..,..,..,..,..,..,..,..,..,..,..,..,..,..,..,..,..,..,..,..,..,..,..,..,..,..,..,..,..,..,30.273466,35.9272832,33.1592,31.452286,32.151446,33.618886,35.371738,33.727852,33.272852,33.522852,29.079852,24.3182,19.3462,16.7297,13.6297
      Caribbean,Other tanker trade discharged,..,..,..,..,..,..,..,..,..,..,..,..,..,..,..,..,..,..,..,..,..,..,..,..,..,..,..,..,..,..,..,..,..,..,..,..,18.349002,16.8451743848,18.3554863848,20.1563513848,20.7916523848,16.348392,17.7206283848,15.2741553848,14.1277153848,15.3218553848,15.2398553848,23.7487463848,26.7857463848,26.4187133848,28.6687133848
      Caribbean,Dry cargo discharged,..,..,..,..,..,..,..,..,..,..,..,..,..,..,..,..,..,..,..,..,..,..,..,..,..,..,..,..,..,..,..,..,..,..,..,..,20.736704,21.2168505072,28.356405,19.921794,23.232764,28.323092,34.595876,28.581596,32.526434,32.560434,34.200434,32.624759,32.615609,31.598289,30.597859
      Caribbean,Total goods discharged,..,..,..,..,..,..,..,..,..,..,..,..,..,..,..,..,..,..,..,..,..,..,..,..,..,..,..,..,..,..,..,..,..,..,..,..,69.359172,73.989308092,79.8710913848,71.5304313848,76.1758623848,78.29037,87.6882423848,77.5836033848,79.9270013848,81.4051413848,78.5201413848,80.6917053848,78.7475553848,74.7467023848,72.8962723848
      Central America,Crude oil loaded,..,..,..,..,..,..,..,..,..,..,..,..,..,..,..,..,..,..,..,..,..,..,..,..,..,..,..,..,..,..,..,..,..,..,..,..,104.257448,93.917842,81.56652,71.325,75.3533,76.3773,74.025,61.025,58.125,60.1,66.171125,69.271254,65.389,70.068,69.7
      Central America,Other tanker trade loaded,..,..,..,..,..,..,..,..,..,..,..,..,..,..,..,..,..,..,..,..,..,..,..,..,..,..,..,..,..,..,..,..,..,..,..,..,4.91,4.934813,10.512192,7.03,7.061348,9.702,8.053,12.052,7.67,10.75,9.906,9.9678,12.9073,7.7269,7.7663
      Central America,Dry cargo loaded,..,..,..,..,..,..,..,..,..,..,..,..,..,..,..,..,..,..,..,..,..,..,..,..,..,..,..,..,..,..,..,..,..,..,..,..,54.309335,54.584658,58.84075,52.264054,66.012997,66.285911,71.335028,97.412473,84.819,83.384,68.516875,75.454372,80.496797,82.877317,80.983577
      Central America,Total goods loaded,..,..,..,..,..,..,..,..,..,..,..,..,..,..,..,..,..,..,..,..,..,..,..,..,..,..,..,..,..,..,..,..,..,..,..,..,163.476783,153.437313,150.919462,130.619054,148.427645,152.365211,153.413028,170.489473,150.614,154.234,144.594,154.693426,158.793097,160.672217,158.449877
      Central America,Crude oil discharged,..,..,..,..,..,..,..,..,..,..,..,..,..,..,..,..,..,..,..,..,..,..,..,..,..,..,..,..,..,..,..,..,..,..,..,..,2.399,2.92194,2.5048,2.15181,2.3362,2.108,1.959508,0.53615,0.53215,0.672,0.0,0.8,1.475,0.7254,0.6354
      Central America,Other tanker trade discharged,..,..,..,..,..,..,..,..,..,..,..,..,..,..,..,..,..,..,..,..,..,..,..,..,..,..,..,..,..,..,..,..,..,..,..,..,25.347711,27.680761,28.640809,26.596868,28.877358,31.132,30.43495,40.2516,36.075,38.2636,50.049,56.74095,60.9057,62.7146,49.9036
      Central America,Dry cargo discharged,..,..,..,..,..,..,..,..,..,..,..,..,..,..,..,..,..,..,..,..,..,..,..,..,..,..,..,..,..,..,..,..,..,..,..,..,80.777126,81.870388,75.149174,67.311007,74.928357,92.907587,105.400048,108.146957,99.31317,104.9278,108.9128,118.835736,122.562236,123.608236,119.9458
      Central America,Total goods discharged,..,..,..,..,..,..,..,..,..,..,..,..,..,..,..,..,..,..,..,..,..,..,..,..,..,..,..,..,..,..,..,..,..,..,..,..,108.523837,112.473089,106.294783,96.059685,106.141915,126.147587,137.794506,148.934707,135.92032,143.8634,158.9618,176.376686,184.942936,187.048236,170.4848
      South America,Crude oil loaded,..,..,..,..,..,..,..,..,..,..,..,..,..,..,..,..,..,..,..,..,..,..,..,..,..,..,..,..,..,..,..,..,..,..,..,..,142.873374,151.82641,145.4871806,150.6373,151.8464566,173.7276,175.431307,173.092,172.956,161.856,164.898,153.97,134.059,151.511,129.761
      South America,Other tanker trade loaded,..,..,..,..,..,..,..,..,..,..,..,..,..,..,..,..,..,..,..,..,..,..,..,..,..,..,..,..,..,..,..,..,..,..,..,..,59.278,58.2667864,52.0112522,46.56832,46.6001426,46.30675,50.54075,35.40395,38.312,40.712,38.462,32.818,45.201,46.8113,44.7283
      South America,Dry cargo loaded,..,..,..,..,..,..,..,..,..,..,..,..,..,..,..,..,..,..,..,..,..,..,..,..,..,..,..,..,..,..,..,..,..,..,..,..,611.966783,648.9610279052,696.1858602233,659.1530062233,738.4915308233,812.957875454,842.821346454,833.350462,888.440462,941.601462,954.800294,973.388462,998.809062,1001.820536,994.731536
      South America,Total goods loaded,..,..,..,..,..,..,..,..,..,..,..,..,..,..,..,..,..,..,..,..,..,..,..,..,..,..,..,..,..,..,..,..,..,..,..,..,814.118157,859.0542243052,893.6842930233,856.3586262233,936.9381300233,1032.992225454,1068.793403454,1041.846412,1099.708462,1144.169462,1158.160294,1160.176462,1178.069062,1200.142836,1169.220836
      South America,Crude oil discharged,..,..,..,..,..,..,..,..,..,..,..,..,..,..,..,..,..,..,..,..,..,..,..,..,..,..,..,..,..,..,..,..,..,..,..,..,31.076,37.154482,38.5536,30.74672,34.81272,35.36,37.2688,35.11,31.317,31.567,22.841,22.391,26.25,27.59236,25.37736
      South America,Other tanker trade discharged,..,..,..,..,..,..,..,..,..,..,..,..,..,..,..,..,..,..,..,..,..,..,..,..,..,..,..,..,..,..,..,..,..,..,..,..,18.017976,19.50911,22.8812831,26.799676,26.9329831,26.389176,35.417564,33.84212,49.60412,48.53412,62.9455,60.93412,61.55882,54.59732,51.40832
      South America,Dry cargo discharged,..,..,..,..,..,..,..,..,..,..,..,..,..,..,..,..,..,..,..,..,..,..,..,..,..,..,..,..,..,..,..,..,..,..,..,..,162.161754,172.8171933406,185.2362133978,146.7694603978,164.4731173978,204.6293023978,234.2246849338,259.95194,274.93694,284.18994,242.705076,267.779187,286.576187,277.391247,269.950471
      South America,Total goods discharged,..,..,..,..,..,..,..,..,..,..,..,..,..,..,..,..,..,..,..,..,..,..,..,..,..,..,..,..,..,..,..,..,..,..,..,..,211.25573,229.4807853406,246.6710964978,204.3158563978,226.2188204978,266.3784783978,306.9110489338,328.90406,355.85806,364.29106,328.491576,351.104307,374.385007,359.580927,346.736151
  Asia,Crude oil loaded,..,..,..,..,..,..,..,..,..,..,..,..,..,..,..,..,..,..,..,..,..,..,..,..,..,..,..,..,..,..,..,..,..,..,..,..,925.243286,942.3872238,905.169219124,874.478719124,935.143919124,907.849819124,905.834235124,909.451147124,899.426019124,948.075019124,999.125019124,997.066527,971.470409,880.108,851.822
  Asia,Other tanker trade loaded,..,..,..,..,..,..,..,..,..,..,..,..,..,..,..,..,..,..,..,..,..,..,..,..,..,..,..,..,..,..,..,..,..,..,..,..,368.987748,374.539875594,362.643482712,367.772937712,375.392644712,405.055233712,412.616798712,449.022744712,481.108509712,530.927509712,606.714110712,608.3926,623.144939,664.23,624.133
  Asia,Dry cargo loaded,..,..,..,..,..,..,..,..,..,..,..,..,..,..,..,..,..,..,..,..,..,..,..,..,..,..,..,..,..,..,..,..,..,..,..,..,1960.06608907,2094.5616308184,2137.737640924,1989.5342448024,2074.455628,2196.569259,2370.327719,2525.219779,2662.052325,2617.654654,2653.31686,2812.017829,2919.22755,2976.56736,2918.83337
  Asia,Total goods loaded,..,..,..,..,..,..,..,..,..,..,..,..,..,..,..,..,..,..,..,..,..,..,..,..,..,..,..,..,..,..,..,..,..,..,..,..,3254.29712307,3411.4887302124,3405.55034276,3231.7859016384,3384.992191836,3509.474311836,3688.778752836,3883.693670836,4042.586853836,4096.657182836,4259.155989836,4417.476956,4513.842898,4520.90536,4394.78837
  Asia,Crude oil discharged,..,..,..,..,..,..,..,..,..,..,..,..,..,..,..,..,..,..,..,..,..,..,..,..,..,..,..,..,..,..,..,..,..,..,..,..,765.984167,833.949256,820.298284264,827.068992264,857.717611264,884.956731264,916.665888264,956.714483264,971.608023264,999.468023264,1097.091023264,1151.15736,1193.5841,1201.895,1196.3731
  Asia,Other tanker trade discharged,..,..,..,..,..,..,..,..,..,..,..,..,..,..,..,..,..,..,..,..,..,..,..,..,..,..,..,..,..,..,..,..,..,..,..,..,337.896794,349.941285,380.35139896,372.94260496,411.39534496,442.64557396,457.84688396,475.25953296,480.92253296,556.14442796,611.07942796,641.8625,672.7712,674.738,675.862
  Asia,Dry cargo discharged,..,..,..,..,..,..,..,..,..,..,..,..,..,..,..,..,..,..,..,..,..,..,..,..,..,..,..,..,..,..,..,..,..,..,..,..,2677.8131899,2869.17724192,3074.51202148,3116.42402048,3361.51610448,3562.53212048,3819.89451248,4120.86440348,4304.55138048,4343.30169848,4476.59989848,4743.48661548,4873.32098348,5038.17018348,5093.56818348
  Asia,Total goods discharged,..,..,..,..,..,..,..,..,..,..,..,..,..,..,..,..,..,..,..,..,..,..,..,..,..,..,..,..,..,..,..,..,..,..,..,..,3781.6941509,4053.06778292,4275.161704704,4316.435617704,4630.629060704,4890.134425704,5194.407284704,5552.838419704,5757.081936704,5898.914149704,6184.770349704,6536.50647548,6739.67628348,6914.80318348,6965.80328348
    Eastern Asia,Crude oil loaded,..,..,..,..,..,..,..,..,..,..,..,..,..,..,..,..,..,..,..,..,..,..,..,..,..,..,..,..,..,..,..,..,..,..,..,..,8.067,5.5056,3.2,4.7,2.5,2.0,7.238,4.0,6.7,9.3,14.344,20.1,16.232,15.15,15.85
    Eastern Asia,Other tanker trade loaded,..,..,..,..,..,..,..,..,..,..,..,..,..,..,..,..,..,..,..,..,..,..,..,..,..,..,..,..,..,..,..,..,..,..,..,..,66.33,71.069513,74.875,87.0297,91.7027,77.5347,94.872,102.751,101.301,110.501,156.701,187.651,191.4,195.85,181.65
    Eastern Asia,Dry cargo loaded,..,..,..,..,..,..,..,..,..,..,..,..,..,..,..,..,..,..,..,..,..,..,..,..,..,..,..,..,..,..,..,..,..,..,..,..,868.394535,906.098422,886.8036,743.67757,789.309545,826.47082,859.01,978.254,1086.904,1103.204,1107.44,1111.39,1177.937,1161.1745,1145.2745
    Eastern Asia,Total goods loaded,..,..,..,..,..,..,..,..,..,..,..,..,..,..,..,..,..,..,..,..,..,..,..,..,..,..,..,..,..,..,..,..,..,..,..,..,942.791535,982.673535,964.8786,835.40727,883.512245,906.00552,961.12,1085.005,1194.905,1223.005,1278.485,1319.141,1385.569,1372.1745,1342.7745
    Eastern Asia,Crude oil discharged,..,..,..,..,..,..,..,..,..,..,..,..,..,..,..,..,..,..,..,..,..,..,..,..,..,..,..,..,..,..,..,..,..,..,..,..,495.964,532.924,558.1908,526.0548,547.06083,569.566,602.099,606.564,624.036,639.446,661.863,729.663,750.35,783.335,798.235
    Eastern Asia,Other tanker trade discharged,..,..,..,..,..,..,..,..,..,..,..,..,..,..,..,..,..,..,..,..,..,..,..,..,..,..,..,..,..,..,..,..,..,..,..,..,162.614,164.055,180.5649,189.709335,211.887335,232.851,251.271,271.451,248.851,269.851,289.473,328.843,348.243,345.743,366.62
    Eastern Asia,Dry cargo discharged,..,..,..,..,..,..,..,..,..,..,..,..,..,..,..,..,..,..,..,..,..,..,..,..,..,..,..,..,..,..,..,..,..,..,..,..,1759.208992,1896.667,1980.4322,2068.946519,2292.140434,2416.632674,2669.687674,2922.070674,3027.839304,2989.929304,3036.583,3206.9744,3276.108,3421.0624,3502.2624
    Eastern Asia,Total goods discharged,..,..,..,..,..,..,..,..,..,..,..,..,..,..,..,..,..,..,..,..,..,..,..,..,..,..,..,..,..,..,..,..,..,..,..,..,2417.786992,2593.646,2719.1879,2784.710654,3051.088599,3219.049674,3523.057674,3800.085674,3900.726304,3899.226304,3987.919,4265.4804,4374.701,4550.1404,4667.1174
    South-eastern Asia,Crude oil loaded,..,..,..,..,..,..,..,..,..,..,..,..,..,..,..,..,..,..,..,..,..,..,..,..,..,..,..,..,..,..,..,..,..,..,..,..,59.817,56.353,58.0662,47.659,67.8262,57.8512,50.756216,48.141128,46.801,49.85,50.317,49.36,43.634409,36.399,37.089
    South-eastern Asia,Other tanker trade loaded,..,..,..,..,..,..,..,..,..,..,..,..,..,..,..,..,..,..,..,..,..,..,..,..,..,..,..,..,..,..,..,..,..,..,..,..,96.483,98.222,75.84436,94.74636,80.21,129.658,94.595019,126.216907,132.310907,133.210907,128.9572,129.3426,131.201939,157.009,160.209
    South-eastern Asia,Dry cargo loaded,..,..,..,..,..,..,..,..,..,..,..,..,..,..,..,..,..,..,..,..,..,..,..,..,..,..,..,..,..,..,..,..,..,..,..,..,721.504565,779.256561,837.550293,840.507958,812.26783,858.562699,998.584664,1037.710864,1002.590739,950.097739,944.365799,1041.04585,1059.780489,1097.9498,1087.05581
    South-eastern Asia,Total goods loaded,..,..,..,..,..,..,..,..,..,..,..,..,..,..,..,..,..,..,..,..,..,..,..,..,..,..,..,..,..,..,..,..,..,..,..,..,877.804565,933.831561,971.460853,982.913318,960.30403,1046.071899,1143.935899,1212.068899,1181.702646,1133.158646,1123.639999,1219.74845,1234.616837,1291.3578,1284.35381
    South-eastern Asia,Crude oil discharged,..,..,..,..,..,..,..,..,..,..,..,..,..,..,..,..,..,..,..,..,..,..,..,..,..,..,..,..,..,..,..,..,..,..,..,..,114.379167,131.286,114.56375,115.15495,122.60555,128.792,111.708865,123.74946,118.434,124.634,142.74,136.414,146.5401,136.29,132.99
    South-eastern Asia,Other tanker trade discharged,..,..,..,..,..,..,..,..,..,..,..,..,..,..,..,..,..,..,..,..,..,..,..,..,..,..,..,..,..,..,..,..,..,..,..,..,94.441494,102.622689,107.97455,90.69765,107.1421,119.7849,102.002376,103.811875,127.432875,165.729025,160.856025,151.074,163.067,170.3,161.3
    South-eastern Asia,Dry cargo discharged,..,..,..,..,..,..,..,..,..,..,..,..,..,..,..,..,..,..,..,..,..,..,..,..,..,..,..,..,..,..,..,..,..,..,..,..,327.098354,333.281885,348.76198,332.319488,335.035057,358.993422,373.005427,414.938217,460.92404,496.16404,606.220015,620.12996,637.509,640.299,643.299
    South-eastern Asia,Total goods discharged,..,..,..,..,..,..,..,..,..,..,..,..,..,..,..,..,..,..,..,..,..,..,..,..,..,..,..,..,..,..,..,..,..,..,..,..,535.919015,567.190574,571.30028,538.172088,564.782707,607.570322,586.716668,642.499552,706.790915,786.527065,909.81604,907.61796,947.1161,946.889,937.589
    Southern Asia,Crude oil loaded,..,..,..,..,..,..,..,..,..,..,..,..,..,..,..,..,..,..,..,..,..,..,..,..,..,..,..,..,..,..,..,..,..,..,..,..,124.185762,122.630151,127.488,102.9,120.65,110.5,63.0,55.0,48.215,50.215,93.1,106.437,88.587,56.359,40.359
    Southern Asia,Other tanker trade loaded,..,..,..,..,..,..,..,..,..,..,..,..,..,..,..,..,..,..,..,..,..,..,..,..,..,..,..,..,..,..,..,..,..,..,..,..,45.097,46.9541466,48.033775,47.35539,46.172807,49.673807,63.756692,82.230692,78.601692,87.101692,84.4,79.127,87.23,91.696,84.996
    Southern Asia,Dry cargo loaded,..,..,..,..,..,..,..,..,..,..,..,..,..,..,..,..,..,..,..,..,..,..,..,..,..,..,..,..,..,..,..,..,..,..,..,..,189.623231,197.168426,200.245752,204.490752,262.989305,258.337794,246.02244,231.99844,244.03044,231.11044,206.24986,180.48586,184.82786,216.82086,217.82086
    Southern Asia,Total goods loaded,..,..,..,..,..,..,..,..,..,..,..,..,..,..,..,..,..,..,..,..,..,..,..,..,..,..,..,..,..,..,..,..,..,..,..,..,358.905993,366.7527236,375.767527,354.746142,429.812112,418.511601,372.779132,369.229132,370.847132,368.427132,383.74986,366.04986,360.64486,364.87586,343.17586
    Southern Asia,Crude oil discharged,..,..,..,..,..,..,..,..,..,..,..,..,..,..,..,..,..,..,..,..,..,..,..,..,..,..,..,..,..,..,..,..,..,..,..,..,118.516,125.25,105.5154,152.744012,153.97436,153.65636,169.54736,194.99536,198.80736,202.10736,243.00736,231.05436,245.4,234.2,229.2
    Southern Asia,Other tanker trade discharged,..,..,..,..,..,..,..,..,..,..,..,..,..,..,..,..,..,..,..,..,..,..,..,..,..,..,..,..,..,..,..,..,..,..,..,..,26.1052,27.5415,32.574508,34.97259,34.091935,30.232435,36.141755,30.623755,30.923755,36.4745,83.9745,67.3925,66.6955,80.25,74.85
    Southern Asia,Dry cargo discharged,..,..,..,..,..,..,..,..,..,..,..,..,..,..,..,..,..,..,..,..,..,..,..,..,..,..,..,..,..,..,..,..,..,..,..,..,238.8758,264.132717,370.019612,385.403398,391.02819,408.638274,378.864208,366.868208,387.307678,401.047678,361.341493,440.689493,466.183493,474.068293,460.068293
    Southern Asia,Total goods discharged,..,..,..,..,..,..,..,..,..,..,..,..,..,..,..,..,..,..,..,..,..,..,..,..,..,..,..,..,..,..,..,..,..,..,..,..,383.497,416.924217,508.10952,573.12,579.094485,592.527069,584.553323,592.487323,617.038793,639.629538,688.323353,739.136353,778.278993,788.518293,764.118293
    Western Asia,Crude oil loaded,..,..,..,..,..,..,..,..,..,..,..,..,..,..,..,..,..,..,..,..,..,..,..,..,..,..,..,..,..,..,..,..,..,..,..,..,733.173524,757.8984728,716.415019124,719.219719124,744.167719124,737.498619124,784.840019124,802.310019124,797.710019124,838.710019124,841.364019124,821.169527,823.017,772.2,758.524
    Western Asia,Other tanker trade loaded,..,..,..,..,..,..,..,..,..,..,..,..,..,..,..,..,..,..,..,..,..,..,..,..,..,..,..,..,..,..,..,..,..,..,..,..,161.077748,158.294215994,163.890347712,138.641487712,157.307137712,148.188726712,159.393087712,137.824145712,168.894910712,200.113910712,236.655910712,212.272,213.313,219.675,197.278
    Western Asia,Dry cargo loaded,..,..,..,..,..,..,..,..,..,..,..,..,..,..,..,..,..,..,..,..,..,..,..,..,..,..,..,..,..,..,..,..,..,..,..,..,180.54375807,212.0382218184,213.137995924,200.8579648024,209.888948,253.197946,266.710615,277.256475,328.527146,333.242475,395.261201,479.096119,496.682201,500.6222,468.6822
    Western Asia,Total goods loaded,..,..,..,..,..,..,..,..,..,..,..,..,..,..,..,..,..,..,..,..,..,..,..,..,..,..,..,..,..,..,..,..,..,..,..,..,1074.79503007,1128.2309106124,1093.44336276,1058.7191716384,1111.363804836,1138.885291836,1210.943721836,1217.390639836,1295.132075836,1372.066404836,1473.281130836,1512.537646,1533.012201,1492.4972,1424.4842
    Western Asia,Crude oil discharged,..,..,..,..,..,..,..,..,..,..,..,..,..,..,..,..,..,..,..,..,..,..,..,..,..,..,..,..,..,..,..,..,..,..,..,..,37.125,44.489256,42.028334264,33.115230264,34.076871264,32.942371264,33.310663264,31.405663264,30.330663264,33.280663264,49.480663264,54.026,51.294,48.07,35.9481
    Western Asia,Other tanker trade discharged,..,..,..,..,..,..,..,..,..,..,..,..,..,..,..,..,..,..,..,..,..,..,..,..,..,..,..,..,..,..,..,..,..,..,..,..,54.7361,55.722096,59.23744096,57.56302996,58.27397496,59.77723896,68.43175296,69.37290296,73.71490296,84.08990296,76.77590296,94.553,94.7657,78.445,73.092
    Western Asia,Dry cargo discharged,..,..,..,..,..,..,..,..,..,..,..,..,..,..,..,..,..,..,..,..,..,..,..,..,..,..,..,..,..,..,..,..,..,..,..,..,352.6300439,375.09563992,375.29822948,329.75461548,343.31242348,378.26775048,398.33720348,416.98730448,428.48035848,456.16067648,472.45539048,475.69276248,493.52049048,502.74049048,487.93849048
    Western Asia,Total goods discharged,..,..,..,..,..,..,..,..,..,..,..,..,..,..,..,..,..,..,..,..,..,..,..,..,..,..,..,..,..,..,..,..,..,..,..,..,444.4911439,475.30699192,476.564004704,420.432875704,435.663269704,470.987360704,500.079619704,517.765870704,532.525924704,573.531242704,598.711956704,624.27176248,639.58019048,629.25549048,596.97859048
  Europe,Crude oil loaded,..,..,..,..,..,..,..,..,..,..,..,..,..,..,..,..,..,..,..,..,..,..,..,..,..,..,..,..,..,..,..,..,..,..,..,..,219.885452,217.11357,224.006509,218.018119,231.54867,210.39573,214.464003,211.229591,218.708,229.3942,253.035299,276.029469,273.833269,246.940269,220.982269
  Europe,Other tanker trade loaded,..,..,..,..,..,..,..,..,..,..,..,..,..,..,..,..,..,..,..,..,..,..,..,..,..,..,..,..,..,..,..,..,..,..,..,..,275.207324,291.135663,295.128618,277.696789,305.911676,311.709064,327.469548754,317.508101754,307.962866754,311.045533,300.608901,313.780901,303.503901,274.038901,252.038901
  Europe,Dry cargo loaded,..,..,..,..,..,..,..,..,..,..,..,..,..,..,..,..,..,..,..,..,..,..,..,..,..,..,..,..,..,..,..,..,..,..,..,..,1002.0638415,1004.977739,993.58393,957.273822,1025.628776,1051.326508,1120.752166914,1141.502084914,1146.188838,1167.235172,1136.290827,1157.756975,1174.785171,1078.707506,1057.707506
  Europe,Total goods loaded,..,..,..,..,..,..,..,..,..,..,..,..,..,..,..,..,..,..,..,..,..,..,..,..,..,..,..,..,..,..,..,..,..,..,..,..,1497.1566175,1513.226972,1512.719057,1452.98873,1563.089122,1573.431302,1662.685718668,1670.239777668,1672.859704754,1707.674905,1689.935027,1747.567345,1752.122341,1599.686676,1530.728676
  Europe,Crude oil discharged,..,..,..,..,..,..,..,..,..,..,..,..,..,..,..,..,..,..,..,..,..,..,..,..,..,..,..,..,..,..,..,..,..,..,..,..,541.160986,499.486837,494.151649,471.394339,481.51218,462.102499,471.8163,435.652442,434.82,487.738,475.248304,500.701304,483.286,468.101304,382.446804
  Europe,Other tanker trade discharged,..,..,..,..,..,..,..,..,..,..,..,..,..,..,..,..,..,..,..,..,..,..,..,..,..,..,..,..,..,..,..,..,..,..,..,..,284.623786,264.957045,276.006902,285.5954,284.3414,340.120089,327.269775,335.394489,310.258038,319.987988,298.663796,315.056796,299.302133,257.370976,197.280976
  Europe,Dry cargo discharged,..,..,..,..,..,..,..,..,..,..,..,..,..,..,..,..,..,..,..,..,..,..,..,..,..,..,..,..,..,..,..,..,..,..,..,..,1305.159087,1217.5498263333,1288.537129,1016.450233,1106.403044,1155.998602,1175.722422,1159.614951,1209.076994,1213.361994,1299.553044,1286.826853,1319.862388,1228.451853,1047.651853
  Europe,Total goods discharged,..,..,..,..,..,..,..,..,..,..,..,..,..,..,..,..,..,..,..,..,..,..,..,..,..,..,..,..,..,..,..,..,..,..,..,..,2130.943859,1981.9937083333,2058.69568,1773.439972,1872.256624,1958.22119,1974.808497,1930.661882,1954.155032,2021.087982,2073.465144,2102.584953,2102.450521,1953.924133,1627.379633
  Oceania,Crude oil loaded,..,..,..,..,..,..,..,..,..,..,..,..,..,..,..,..,..,..,..,..,..,..,..,..,..,..,..,..,..,..,..,..,..,..,..,..,11.058274,14.550664,17.823986,14.046372,17.86477,16.646116,16.861645,15.762058,13.582058,15.074058,15.234058,11.98,14.285,12.89,13.095
  Oceania,Other tanker trade loaded,..,..,..,..,..,..,..,..,..,..,..,..,..,..,..,..,..,..,..,..,..,..,..,..,..,..,..,..,..,..,..,..,..,..,..,..,4.434689,4.185701,4.053688,4.984578,4.71668,10.85687,21.080929,35.43316,41.97178,46.664338,49.0653,57.45907,60.517,60.926,57.757
  Oceania,Dry cargo loaded,..,..,..,..,..,..,..,..,..,..,..,..,..,..,..,..,..,..,..,..,..,..,..,..,..,..,..,..,..,..,..,..,..,..,..,..,637.169982,660.724012,723.27837,728.313957,898.767024,923.404689,970.157799,988.492101,1183.581715,1202.370384,1298.365386,1441.333934,1494.013448,1495.470248,1430.5207
  Oceania,Total goods loaded,..,..,..,..,..,..,..,..,..,..,..,..,..,..,..,..,..,..,..,..,..,..,..,..,..,..,..,..,..,..,..,..,..,..,..,..,652.662945,679.460377,745.156044,747.344907,921.348474,950.907675,1008.100373,1039.687319,1239.135553,1264.10878,1362.664744,1510.773004,1568.815448,1569.286248,1501.3727
  Oceania,Crude oil discharged,..,..,..,..,..,..,..,..,..,..,..,..,..,..,..,..,..,..,..,..,..,..,..,..,..,..,..,..,..,..,..,..,..,..,..,..,26.765658,27.539612,27.814061,21.9987,25.350452,28.044112,32.3811,27.1128,28.077305,28.300985,25.262885,27.5255,29.62,23.419,17.576
  Oceania,Other tanker trade discharged,..,..,..,..,..,..,..,..,..,..,..,..,..,..,..,..,..,..,..,..,..,..,..,..,..,..,..,..,..,..,..,..,..,..,..,..,18.267618,22.084909,24.144403,18.847423,23.841523,22.476205,24.008205,28.843205,22.911305,24.47433,20.798205,21.657205,26.53793,23.282875,17.609083
  Oceania,Dry cargo discharged,..,..,..,..,..,..,..,..,..,..,..,..,..,..,..,..,..,..,..,..,..,..,..,..,..,..,..,..,..,..,..,..,..,..,..,..,58.112603,59.545871,64.786227,68.975963,69.155334,77.409384,82.188796,91.609296,104.633423,108.252796,113.243896,96.237396,102.62731,99.614654,93.23549
  Oceania,Total goods discharged,..,..,..,..,..,..,..,..,..,..,..,..,..,..,..,..,..,..,..,..,..,..,..,..,..,..,..,..,..,..,..,..,..,..,..,..,103.145879,109.170392,116.744691,109.822086,118.347309,127.929701,138.578101,147.565301,155.622033,161.028111,159.304986,145.420101,158.78524,146.316529,128.420573
Asia and Oceania,Crude oil loaded,..,..,..,..,..,..,..,..,..,..,..,..,..,..,..,..,..,..,..,..,..,..,..,..,..,..,..,..,..,..,..,..,..,..,..,..,936.30156,956.9378878,922.993205124,888.525091124,953.008689124,924.495935124,922.695880124,925.213205124,913.008077124,963.149077124,1014.359077124,1009.046527,985.755409,892.998,864.917
Asia and Oceania,Other tanker trade loaded,..,..,..,..,..,..,..,..,..,..,..,..,..,..,..,..,..,..,..,..,..,..,..,..,..,..,..,..,..,..,..,..,..,..,..,..,373.422437,378.725576594,366.697170712,372.757515712,380.109324712,415.912103712,433.697727712,484.455904712,523.080289712,577.591847712,655.779410712,665.85167,683.661939,725.156,681.89
Asia and Oceania,Dry cargo loaded,..,..,..,..,..,..,..,..,..,..,..,..,..,..,..,..,..,..,..,..,..,..,..,..,..,..,..,..,..,..,..,..,..,..,..,..,2597.23607107,2755.2856428184,2861.016010924,2717.8482018024,2973.222652,3119.973948,3340.485518,3513.71188,3845.63404,3820.025038,3951.682246,4253.351763,4413.240998,4472.037608,4349.35407
Asia and Oceania,Total goods loaded,..,..,..,..,..,..,..,..,..,..,..,..,..,..,..,..,..,..,..,..,..,..,..,..,..,..,..,..,..,..,..,..,..,..,..,..,3906.96006807,4090.9491072124,4150.70638676,3979.1308086384,4306.340665836,4460.381986836,4696.879125836,4923.380989836,5281.722406836,5360.765962836,5621.820733836,5928.24996,6082.658346,6090.191608,5896.16107
Asia and Oceania,Crude oil discharged,..,..,..,..,..,..,..,..,..,..,..,..,..,..,..,..,..,..,..,..,..,..,..,..,..,..,..,..,..,..,..,..,..,..,..,..,792.749825,861.488868,848.112345264,849.067692264,883.068063264,913.000843264,949.046988264,983.827283264,999.685328264,1027.769008264,1122.353908264,1178.68286,1223.2041,1225.314,1213.9491
Asia and Oceania,Other tanker trade discharged,..,..,..,..,..,..,..,..,..,..,..,..,..,..,..,..,..,..,..,..,..,..,..,..,..,..,..,..,..,..,..,..,..,..,..,..,356.164412,372.026194,404.49580196,391.79002796,435.23686796,465.12177896,481.85508896,504.10273796,503.83383796,580.61875796,631.87763296,663.519705,699.30913,698.020875,693.471083
Asia and Oceania,Dry cargo discharged,..,..,..,..,..,..,..,..,..,..,..,..,..,..,..,..,..,..,..,..,..,..,..,..,..,..,..,..,..,..,..,..,..,..,..,..,2735.9257929,2928.72311292,3139.29824848,3185.39998348,3430.67143848,3639.94150448,3902.08330848,4212.47369948,4409.18480348,4451.55449448,4589.84379448,4839.72401148,4975.94829348,5137.78483748,5186.80367348
Asia and Oceania,Total goods discharged,..,..,..,..,..,..,..,..,..,..,..,..,..,..,..,..,..,..,..,..,..,..,..,..,..,..,..,..,..,..,..,..,..,..,..,..,3884.8400299,4162.23817492,4391.906395704,4426.257703704,4748.976369704,5018.064126704,5332.985385704,5700.403720704,5912.703969704,6059.942260704,6344.075335704,6681.92657648,6898.46152348,7061.11971248,7094.22385648
Northern America and Europe,Crude oil loaded,..,..,..,..,..,..,..,..,..,..,..,..,..,..,..,..,..,..,..,..,..,..,..,..,..,..,..,..,..,..,..,..,..,..,..,..,242.040452,241.9641551926,248.11215,241.897933,257.03497,234.650806,245.191324,244.956912,261.763233,280.449433,314.090532,349.00679,397.24059,442.49759,414.45959
Northern America and Europe,Other tanker trade loaded,..,..,..,..,..,..,..,..,..,..,..,..,..,..,..,..,..,..,..,..,..,..,..,..,..,..,..,..,..,..,..,..,..,..,..,..,361.576158,382.4374643652,414.134872,401.451854,432.859355205,466.062647205,464.914548754,453.926749754,447.645194754,458.064181,442.627549,470.799549,477.003901,404.538901,361.338901
Northern America and Europe,Dry cargo loaded,..,..,..,..,..,..,..,..,..,..,..,..,..,..,..,..,..,..,..,..,..,..,..,..,..,..,..,..,..,..,..,..,..,..,..,..,1438.9093155,1521.6831406784,1542.994505,1455.771899,1548.724350845,1615.324101845,1747.560022814,1791.650115914,1786.236089,1847.282423,1819.738314,1863.756975,1913.825171,1912.660506,1871.660506
Northern America and Europe,Total goods loaded,..,..,..,..,..,..,..,..,..,..,..,..,..,..,..,..,..,..,..,..,..,..,..,..,..,..,..,..,..,..,..,..,..,..,..,..,2042.5259255,2146.0847602362,2205.241527,2099.121686,2238.61867605,2316.03755505,2457.665895568,2490.533777668,2495.644516754,2585.796037,2576.456395,2683.563314,2788.069662,2759.696997,2647.458997
Northern America and Europe,Crude oil discharged,..,..,..,..,..,..,..,..,..,..,..,..,..,..,..,..,..,..,..,..,..,..,..,..,..,..,..,..,..,..,..,..,..,..,..,..,1042.122939,1012.998063,975.440284,916.578322,944.996565,875.141898,873.5913,791.952442,748.15886,777.07686,772.499164,766.751304,739.486,717.081304,579.426804
Northern America and Europe,Other tanker trade discharged,..,..,..,..,..,..,..,..,..,..,..,..,..,..,..,..,..,..,..,..,..,..,..,..,..,..,..,..,..,..,..,..,..,..,..,..,440.294031,421.016994592,414.877004,417.592446,419.549228,454.003927,439.361775,437.694489,412.919118,420.649068,393.464876,389.412904,390.052133,365.370976,290.580976
Northern America and Europe,Dry cargo discharged,..,..,..,..,..,..,..,..,..,..,..,..,..,..,..,..,..,..,..,..,..,..,..,..,..,..,..,..,..,..,..,..,..,..,..,..,1797.275037,1670.6834833333,1702.86443,1322.875802,1441.390378,1524.553229,1554.218422,1590.956951,1629.277054,1642.562054,1747.107504,1764.730853,1848.862388,1756.455853,1566.655853
Northern America and Europe,Total goods discharged,..,..,..,..,..,..,..,..,..,..,..,..,..,..,..,..,..,..,..,..,..,..,..,..,..,..,..,..,..,..,..,..,..,..,..,..,3279.692007,3104.6985409253,3093.181718,2657.04657,2805.936171,2853.699054,2867.171497,2820.603882,2790.355032,2840.287982,2913.071544,2920.895061,2978.400521,2838.908133,2436.663633
Eastern and South-Eastern Asia,Crude oil loaded,..,..,..,..,..,..,..,..,..,..,..,..,..,..,..,..,..,..,..,..,..,..,..,..,..,..,..,..,..,..,..,..,..,..,..,..,67.884,61.8586,61.2662,52.359,70.3262,59.8512,57.994216,52.141128,53.501,59.15,64.661,69.46,59.866409,51.549,52.939
Eastern and South-Eastern Asia,Other tanker trade loaded,..,..,..,..,..,..,..,..,..,..,..,..,..,..,..,..,..,..,..,..,..,..,..,..,..,..,..,..,..,..,..,..,..,..,..,..,162.813,169.291513,150.71936,181.77606,171.9127,207.1927,189.467019,228.967907,233.611907,243.711907,285.6582,316.9936,322.601939,352.859,341.859
Eastern and South-Eastern Asia,Dry cargo loaded,..,..,..,..,..,..,..,..,..,..,..,..,..,..,..,..,..,..,..,..,..,..,..,..,..,..,..,..,..,..,..,..,..,..,..,..,1589.8991,1685.354983,1724.353893,1584.185528,1601.577375,1685.033519,1857.594664,2015.964864,2089.494739,2053.301739,2051.805799,2152.43585,2237.717489,2259.1243,2232.33031
Eastern and South-Eastern Asia,Total goods loaded,..,..,..,..,..,..,..,..,..,..,..,..,..,..,..,..,..,..,..,..,..,..,..,..,..,..,..,..,..,..,..,..,..,..,..,..,1820.5961,1916.505096,1936.339453,1818.320588,1843.816275,1952.077419,2105.055899,2297.073899,2376.607646,2356.163646,2402.124999,2538.88945,2620.185837,2663.5323,2627.12831
Eastern and South-Eastern Asia,Crude oil discharged,..,..,..,..,..,..,..,..,..,..,..,..,..,..,..,..,..,..,..,..,..,..,..,..,..,..,..,..,..,..,..,..,..,..,..,..,610.343167,664.21,672.75455,641.20975,669.66638,698.358,713.807865,730.31346,742.47,764.08,804.603,866.077,896.8901,919.625,931.225
Eastern and South-Eastern Asia,Other tanker trade discharged,..,..,..,..,..,..,..,..,..,..,..,..,..,..,..,..,..,..,..,..,..,..,..,..,..,..,..,..,..,..,..,..,..,..,..,..,257.055494,266.677689,288.53945,280.406985,319.029435,352.6359,353.273376,375.262875,376.283875,435.580025,450.329025,479.917,511.31,516.043,527.92
Eastern and South-Eastern Asia,Dry cargo discharged,..,..,..,..,..,..,..,..,..,..,..,..,..,..,..,..,..,..,..,..,..,..,..,..,..,..,..,..,..,..,..,..,..,..,..,..,2086.307346,2229.948885,2329.19418,2401.266007,2627.175491,2775.626096,3042.693101,3337.008891,3488.763344,3486.093344,3642.803015,3827.10436,3913.617,4061.3614,4145.5614
Eastern and South-Eastern Asia,Total goods discharged,..,..,..,..,..,..,..,..,..,..,..,..,..,..,..,..,..,..,..,..,..,..,..,..,..,..,..,..,..,..,..,..,..,..,..,..,2953.706007,3160.836574,3290.48818,3322.882742,3615.871306,3826.619996,4109.774342,4442.585226,4607.517219,4685.753369,4897.73504,5173.09836,5321.8171,5497.0294,5604.7064
Western Asia and Northern Africa,Crude oil loaded,..,..,..,..,..,..,..,..,..,..,..,..,..,..,..,..,..,..,..,..,..,..,..,..,..,..,..,..,..,..,..,..,..,..,..,..,862.409407,887.5837248,849.336221124,839.264567124,866.751892124,831.207713124,912.798136124,898.531786124,865.592019124,902.162019124,899.009019124,904.769527,911.453,864.443,812.967
Western Asia and Northern Africa,Other tanker trade loaded,..,..,..,..,..,..,..,..,..,..,..,..,..,..,..,..,..,..,..,..,..,..,..,..,..,..,..,..,..,..,..,..,..,..,..,..,225.559762,220.889299994,225.747188712,204.082399712,222.317166712,189.816121712,198.621744712,190.920145712,212.831517712,232.076517712,266.374154712,242.592607,241.970407,262.702607,235.027307
Western Asia and Northern Africa,Dry cargo loaded,..,..,..,..,..,..,..,..,..,..,..,..,..,..,..,..,..,..,..,..,..,..,..,..,..,..,..,..,..,..,..,..,..,..,..,..,265.7696080815,294.550813997,292.672748924,273.0179668024,288.394812,339.317881,357.748143,378.234252,424.115555,415.355884,478.346564,567.224772,602.102854,616.418353,582.478353
Western Asia and Northern Africa,Total goods loaded,..,..,..,..,..,..,..,..,..,..,..,..,..,..,..,..,..,..,..,..,..,..,..,..,..,..,..,..,..,..,..,..,..,..,..,..,1353.7387770815,1403.023838791,1367.75615876,1316.3649336384,1377.463870836,1360.341715836,1469.168023836,1467.686183836,1502.539091836,1549.594420836,1643.729737836,1714.586906,1755.526261,1743.56396,1630.47266
Western Asia and Northern Africa,Crude oil discharged,..,..,..,..,..,..,..,..,..,..,..,..,..,..,..,..,..,..,..,..,..,..,..,..,..,..,..,..,..,..,..,..,..,..,..,..,43.097803,52.017505,53.332334264,45.358530264,45.341271264,41.092371264,42.276663264,41.171663264,37.730663264,40.980663264,58.978663264,65.611,65.272,57.425,42.2031
Western Asia and Northern Africa,Other tanker trade discharged,..,..,..,..,..,..,..,..,..,..,..,..,..,..,..,..,..,..,..,..,..,..,..,..,..,..,..,..,..,..,..,..,..,..,..,..,68.5633732587,70.7049,76.38004796,72.59228196,73.41498996,75.65423896,83.38463296,91.46278296,105.09678296,113.26490296,105.36253596,127.161,130.7937,121.373,112.02
Western Asia and Northern Africa,Dry cargo discharged,..,..,..,..,..,..,..,..,..,..,..,..,..,..,..,..,..,..,..,..,..,..,..,..,..,..,..,..,..,..,..,..,..,..,..,..,495.858281775,531.6544770729,530.42419848,492.78121648,521.40025148,513.47126648,541.89006748,566.71728648,596.74324448,644.23044248,658.32977948,654.50848548,677.26661348,693.35661348,664.65461348
Western Asia and Northern Africa,Total goods discharged,..,..,..,..,..,..,..,..,..,..,..,..,..,..,..,..,..,..,..,..,..,..,..,..,..,..,..,..,..,..,..,..,..,..,..,..,607.5194580337,654.3768820729,660.136580704,610.732028704,640.156512704,630.217876704,667.551363704,699.351732704,739.570690704,798.476008704,822.670978704,847.28048548,873.33231348,872.15461348,818.87771348
Developing regions (M49),Crude oil loaded,..,..,..,..,..,..,..,..,..,..,..,..,..,..,..,..,..,..,..,..,..,..,..,..,..,..,..,..,..,..,..,..,..,..,..,..,1531.5214184,1558.37583751,1520.021327834,1455.294802124,1510.877370724,1500.984929124,1524.693475124,1478.287172124,1437.808077124,1466.771077124,1504.478722124,1515.185026,1471.234409,1406.67511,1290.099999
Developing regions (M49),Other tanker trade loaded,..,..,..,..,..,..,..,..,..,..,..,..,..,..,..,..,..,..,..,..,..,..,..,..,..,..,..,..,..,..,..,..,..,..,..,..,539.117294,532.860779324,518.248648242,505.649648042,506.063714642,534.631763712,554.745194712,588.016381712,621.365118712,667.696676712,742.828237712,746.379577,774.756101,825.545865,772.030965
Developing regions (M49),Dry cargo loaded,..,..,..,..,..,..,..,..,..,..,..,..,..,..,..,..,..,..,..,..,..,..,..,..,..,..,..,..,..,..,..,..,..,..,..,..,2779.0122628699,2949.6686240161,3061.9574516546,2857.850734533,3055.0464164491,3278.8107710799,3478.897192062,3675.000389608,3847.978765608,3852.615128608,3886.246612608,4073.235859608,4222.332128804,4335.067419804,4268.790141804
Developing regions (M49),Total goods loaded,..,..,..,..,..,..,..,..,..,..,..,..,..,..,..,..,..,..,..,..,..,..,..,..,..,..,..,..,..,..,..,..,..,..,..,..,4849.6509752699,5040.9052408501,5100.2274277306,4818.795184699,5071.9875018151,5314.4274639159,5558.335861898,5741.303943444,5907.151961444,5987.082882444,6133.553572444,6334.800462608,6468.322638804,6567.288394804,6330.921105804
Developing regions (M49),Crude oil discharged,..,..,..,..,..,..,..,..,..,..,..,..,..,..,..,..,..,..,..,..,..,..,..,..,..,..,..,..,..,..,..,..,..,..,..,..,658.26488,742.9187362,685.402384264,745.777580264,777.448625264,807.210617264,833.581134264,873.939185264,885.502230264,915.385760264,997.908760264,1054.17906,1116.6533,1120.73046,1131.15746
Developing regions (M49),Other tanker trade discharged,..,..,..,..,..,..,..,..,..,..,..,..,..,..,..,..,..,..,..,..,..,..,..,..,..,..,..,..,..,..,..,..,..,..,..,..,354.9153322936,374.8197544197,405.8977584448,389.0133823448,421.8286954448,454.40213996,496.1484323448,524.2988773448,565.2687603448,640.9485403448,734.9581473448,788.6294043848,839.0552603848,857.2028243848,851.7290323848
Developing regions (M49),Dry cargo discharged,..,..,..,..,..,..,..,..,..,..,..,..,..,..,..,..,..,..,..,..,..,..,..,..,..,..,..,..,..,..,..,..,..,..,..,..,2657.1905722221,2882.2192721843,3111.0331530375,3243.4023370375,3471.2852940375,3694.3232180375,3990.0553624138,4294.79907748,4482.18069348,4579.25721348,4675.48231448,4954.28032648,5120.74206848,5298.88895248,5403.00278748
Developing regions (M49),Total goods discharged,..,..,..,..,..,..,..,..,..,..,..,..,..,..,..,..,..,..,..,..,..,..,..,..,..,..,..,..,..,..,..,..,..,..,..,..,3670.3707845157,3999.957762804,4202.3332957463,4378.1932996463,4670.5626147463,4955.9359752615,5319.7849290226,5693.0371400888,5932.9516840888,6135.5915140888,6408.3492220888,6797.0887908648,7076.4506288648,7276.8222368648,7385.8892798648
Developed regions (M49),Crude oil loaded,..,..,..,..,..,..,..,..,..,..,..,..,..,..,..,..,..,..,..,..,..,..,..,..,..,..,..,..,..,..,..,..,..,..,..,..,251.893566,255.3096591926,264.82762,254.844074,273.714624,249.995806,260.731853,259.386912,273.893233,293.979433,327.780532,359.38679,409.81559,453.58759,425.85959
Developed regions (M49),Other tanker trade loaded,..,..,..,..,..,..,..,..,..,..,..,..,..,..,..,..,..,..,..,..,..,..,..,..,..,..,..,..,..,..,..,..,..,..,..,..,375.792564,400.7989953652,438.908877,425.491562,461.652715205,493.842647205,499.963227754,502.566072754,500.134517754,510.353504,495.278549,532.635549,544.993901,477.103901,430.270901
Developed regions (M49),Dry cargo loaded,..,..,..,..,..,..,..,..,..,..,..,..,..,..,..,..,..,..,..,..,..,..,..,..,..,..,..,..,..,..,..,..,..,..,..,..,2224.7699085,2339.2166506784,2423.565205,2318.978586,2593.568967845,2680.287383845,2878.349814814,2949.669009914,3135.263766,3221.7101,3290.001314,3487.066975,3596.017871,3572.553206,3461.227206
Developed regions (M49),Total goods loaded,..,..,..,..,..,..,..,..,..,..,..,..,..,..,..,..,..,..,..,..,..,..,..,..,..,..,..,..,..,..,..,..,..,..,..,..,2852.4560385,2995.3253052362,3127.301702,2999.314222,3328.93630705,3424.12583705,3639.044895568,3711.621994668,3909.291516754,4026.043037,4113.060395,4379.089314,4550.827362,4503.244697,4317.357697
Developed regions (M49),Crude oil discharged,..,..,..,..,..,..,..,..,..,..,..,..,..,..,..,..,..,..,..,..,..,..,..,..,..,..,..,..,..,..,..,..,..,..,..,..,1281.625097,1253.274175,1257.387145,1128.819442,1161.936517,1089.80481,1096.4257,1007.825542,964.65396,994.57196,987.563164,979.275304,932.15,902.026304,732.459904
Developed regions (M49),Other tanker trade discharged,..,..,..,..,..,..,..,..,..,..,..,..,..,..,..,..,..,..,..,..,..,..,..,..,..,..,..,..,..,..,..,..,..,..,..,..,542.259544,526.799798592,526.877202,533.685204,548.896546,584.904927,559.694775,566.365489,522.290118,534.520068,499.807876,499.255904,499.495133,463.283976,370.247976
Developed regions (M49),Dry cargo discharged,..,..,..,..,..,..,..,..,..,..,..,..,..,..,..,..,..,..,..,..,..,..,..,..,..,..,..,..,..,..,..,..,..,..,..,..,2408.428943,2283.2706573333,2308.348061,1800.713749,1982.760916,2071.711317,2139.395422,2216.022851,2300.057954,2300.042954,2407.434604,2411.379253,2508.651078,2412.944943,2142.466143
Developed regions (M49),Total goods discharged,..,..,..,..,..,..,..,..,..,..,..,..,..,..,..,..,..,..,..,..,..,..,..,..,..,..,..,..,..,..,..,..,..,..,..,..,4232.313584,4063.3446309253,4092.612408,3463.218395,3693.593979,3746.421054,3795.515897,3790.213882,3787.002032,3829.134982,3894.805644,3889.910461,3940.296211,3778.255223,3245.174023
Developing economies: Asia and Oceania,Crude oil loaded,..,..,..,..,..,..,..,..,..,..,..,..,..,..,..,..,..,..,..,..,..,..,..,..,..,..,..,..,..,..,..,..,..,..,..,..,926.448446,943.5923838,906.277735124,875.578950124,936.329035124,909.150935124,907.155351124,910.783205124,900.878077124,949.619077124,1000.669077124,998.666527,973.180409,881.908,853.517
Developing economies: Asia and Oceania,Other tanker trade loaded,..,..,..,..,..,..,..,..,..,..,..,..,..,..,..,..,..,..,..,..,..,..,..,..,..,..,..,..,..,..,..,..,..,..,..,..,359.206031,360.364045594,341.923165712,348.717807712,351.315964712,388.132103712,398.649048712,435.816581712,470.590966712,525.302524712,603.128410712,604.01567,615.671939,652.591,612.958
Developing economies: Asia and Oceania,Dry cargo loaded,..,..,..,..,..,..,..,..,..,..,..,..,..,..,..,..,..,..,..,..,..,..,..,..,..,..,..,..,..,..,..,..,..,..,..,..,1811.37547807,1937.7521328184,1980.445310924,1854.6415148024,1928.378035,2055.010666,2209.695726,2355.692986,2496.606363,2445.597361,2481.419246,2630.041763,2731.048298,2812.144908,2759.78737
Developing economies: Asia and Oceania,Total goods loaded,..,..,..,..,..,..,..,..,..,..,..,..,..,..,..,..,..,..,..,..,..,..,..,..,..,..,..,..,..,..,..,..,..,..,..,..,3097.02995507,3241.7085622124,3228.64621176,3078.9382726384,3216.023034836,3352.293704836,3515.500125836,3702.292772836,3868.075406836,3920.518962836,4085.216733836,4232.72396,4319.900646,4346.643908,4226.26237
Developing economies: Asia and Oceania,Crude oil discharged,..,..,..,..,..,..,..,..,..,..,..,..,..,..,..,..,..,..,..,..,..,..,..,..,..,..,..,..,..,..,..,..,..,..,..,..,553.247667,621.212756,566.165484264,636.826572264,666.128111264,698.337931264,726.212588264,767.954183264,783.190228264,810.273908264,907.289908264,966.15886,1030.5401,1040.369,1060.916
Developing economies: Asia and Oceania,Other tanker trade discharged,..,..,..,..,..,..,..,..,..,..,..,..,..,..,..,..,..,..,..,..,..,..,..,..,..,..,..,..,..,..,..,..,..,..,..,..,254.198899,266.24339,292.49560396,275.69726996,305.88954996,334.22077896,361.52208896,375.43173796,394.46283796,466.74775796,525.53463296,553.676705,589.86613,600.107875,613.804083
Developing economies: Asia and Oceania,Dry cargo discharged,..,..,..,..,..,..,..,..,..,..,..,..,..,..,..,..,..,..,..,..,..,..,..,..,..,..,..,..,..,..,..,..,..,..,..,..,2124.7718869,2316.13593892,2533.81461748,2707.56203648,2889.30090048,3092.78341648,3316.90630848,3587.40779948,3738.40390348,3794.07359448,3929.51669448,4193.07561148,4316.15960348,4481.29574748,4610.99338348
Developing economies: Asia and Oceania,Total goods discharged,..,..,..,..,..,..,..,..,..,..,..,..,..,..,..,..,..,..,..,..,..,..,..,..,..,..,..,..,..,..,..,..,..,..,..,..,2932.2184529,3203.59208492,3392.475705704,3620.085878704,3861.318561704,4125.342126704,4404.640985704,4730.793720704,4916.056969704,5071.095260704,5362.341235704,5712.91117648,5936.56583348,6121.77262248,6285.71346648
Developing economies: Asia,Crude oil loaded,..,..,..,..,..,..,..,..,..,..,..,..,..,..,..,..,..,..,..,..,..,..,..,..,..,..,..,..,..,..,..,..,..,..,..,..,925.243286,942.3872238,905.169219124,874.478719124,935.143919124,907.849819124,905.834235124,909.451147124,899.426019124,948.075019124,999.125019124,997.066527,971.470409,880.108,851.822
Developing economies: Asia,Other tanker trade loaded,..,..,..,..,..,..,..,..,..,..,..,..,..,..,..,..,..,..,..,..,..,..,..,..,..,..,..,..,..,..,..,..,..,..,..,..,358.970961,360.128975594,341.692695712,348.498937712,350.920644712,387.636233712,398.106798712,435.171744712,466.507509712,517.526509712,594.963110712,595.7566,607.909939,644.63,605.833
Developing economies: Asia,Dry cargo loaded,..,..,..,..,..,..,..,..,..,..,..,..,..,..,..,..,..,..,..,..,..,..,..,..,..,..,..,..,..,..,..,..,..,..,..,..,1806.93740807,1933.3140628184,1975.688640924,1849.7642448024,1923.249628,2049.786259,2204.362719,2350.255779,2491.638325,2440.640654,2476.66886,2625.484829,2725.99455,2806.63436,2754.54037
Developing economies: Asia,Total goods loaded,..,..,..,..,..,..,..,..,..,..,..,..,..,..,..,..,..,..,..,..,..,..,..,..,..,..,..,..,..,..,..,..,..,..,..,..,3091.15165507,3235.8302622124,3222.55055576,3072.7419016384,3209.314191836,3345.272311836,3508.303752836,3694.878670836,3857.571853836,3906.242182836,4070.756989836,4218.307956,4305.374898,4331.37236,4212.19537
Developing economies: Asia,Crude oil discharged,..,..,..,..,..,..,..,..,..,..,..,..,..,..,..,..,..,..,..,..,..,..,..,..,..,..,..,..,..,..,..,..,..,..,..,..,552.727167,620.692256,565.648284264,636.321572264,665.609611264,697.826231264,725.729888264,767.364483264,782.536023264,809.596023264,906.602023264,965.56836,1029.6951,1039.625,1060.225
Developing economies: Asia,Other tanker trade discharged,..,..,..,..,..,..,..,..,..,..,..,..,..,..,..,..,..,..,..,..,..,..,..,..,..,..,..,..,..,..,..,..,..,..,..,..,249.430794,261.475285,287.54939896,270.67306496,300.76034496,329.07457396,356.25588396,370.08853296,390.15153296,462.37342796,521.13642796,549.5195,584.8282,595.625,609.635
Developing economies: Asia,Dry cargo discharged,..,..,..,..,..,..,..,..,..,..,..,..,..,..,..,..,..,..,..,..,..,..,..,..,..,..,..,..,..,..,..,..,..,..,..,..,2116.8952909,2308.25934292,2525.71602148,2699.40444048,2881.07610448,3084.41862048,3308.51451248,3578.96340348,3730.34738048,3785.99769848,3921.03479848,4185.31921548,4307.95398348,4472.70278348,4602.57278348
Developing economies: Asia,Total goods discharged,..,..,..,..,..,..,..,..,..,..,..,..,..,..,..,..,..,..,..,..,..,..,..,..,..,..,..,..,..,..,..,..,..,..,..,..,2919.0532519,3190.42688392,3378.913704704,3606.399077704,3847.446060704,4111.319425704,4390.500284704,4716.416419704,4903.034936704,5057.967149704,5348.773249704,5700.40707548,5922.47728348,6107.95278348,6272.43278348
Developing economies: Oceania,Crude oil loaded,..,..,..,..,..,..,..,..,..,..,..,..,..,..,..,..,..,..,..,..,..,..,..,..,..,..,..,..,..,..,..,..,..,..,..,..,1.20516,1.20516,1.108516,1.100231,1.185116,1.301116,1.321116,1.332058,1.452058,1.544058,1.544058,1.6,1.71,1.8,1.695
Developing economies: Oceania,Other tanker trade loaded,..,..,..,..,..,..,..,..,..,..,..,..,..,..,..,..,..,..,..,..,..,..,..,..,..,..,..,..,..,..,..,..,..,..,..,..,0.23507,0.23507,0.23047,0.21887,0.39532,0.49587,0.54225,0.644837,4.083457,7.776015,8.1653,8.25907,7.762,7.961,7.125
Developing economies: Oceania,Dry cargo loaded,..,..,..,..,..,..,..,..,..,..,..,..,..,..,..,..,..,..,..,..,..,..,..,..,..,..,..,..,..,..,..,..,..,..,..,..,4.43807,4.43807,4.75667,4.87727,5.128407,5.224407,5.333007,5.437207,4.968038,4.956707,4.750386,4.556934,5.053748,5.510548,5.247
Developing economies: Oceania,Total goods loaded,..,..,..,..,..,..,..,..,..,..,..,..,..,..,..,..,..,..,..,..,..,..,..,..,..,..,..,..,..,..,..,..,..,..,..,..,5.8783,5.8783,6.095656,6.196371,6.708843,7.021393,7.196373,7.414102,10.503553,14.27678,14.459744,14.416004,14.525748,15.271548,14.067
Developing economies: Oceania,Crude oil discharged,..,..,..,..,..,..,..,..,..,..,..,..,..,..,..,..,..,..,..,..,..,..,..,..,..,..,..,..,..,..,..,..,..,..,..,..,0.5205,0.5205,0.5172,0.505,0.5185,0.5117,0.4827,0.5897,0.654205,0.677885,0.687885,0.5905,0.845,0.744,0.691
Developing economies: Oceania,Other tanker trade discharged,..,..,..,..,..,..,..,..,..,..,..,..,..,..,..,..,..,..,..,..,..,..,..,..,..,..,..,..,..,..,..,..,..,..,..,..,4.768105,4.768105,4.946205,5.024205,5.129205,5.146205,5.266205,5.343205,4.311305,4.37433,4.398205,4.157205,5.03793,4.482875,4.169083
Developing economies: Oceania,Dry cargo discharged,..,..,..,..,..,..,..,..,..,..,..,..,..,..,..,..,..,..,..,..,..,..,..,..,..,..,..,..,..,..,..,..,..,..,..,..,7.876596,7.876596,8.098596,8.157596,8.224796,8.364796,8.391796,8.444396,8.056523,8.075896,8.481896,7.756396,8.20562,8.592964,8.4206
Developing economies: Oceania,Total goods discharged,..,..,..,..,..,..,..,..,..,..,..,..,..,..,..,..,..,..,..,..,..,..,..,..,..,..,..,..,..,..,..,..,..,..,..,..,13.165201,13.165201,13.562001,13.686801,13.872501,14.022701,14.140701,14.377301,13.022033,13.128111,13.567986,12.504101,14.08855,13.819839,13.280683
Developed economies: Asia and Oceania,Crude oil loaded,..,..,..,..,..,..,..,..,..,..,..,..,..,..,..,..,..,..,..,..,..,..,..,..,..,..,..,..,..,..,..,..,..,..,..,..,9.853114,13.345504,16.71547,12.946141,16.679654,15.345,15.540529,14.43,12.13,13.53,13.69,10.38,12.575,11.09,11.4
Developed economies: Asia and Oceania,Other tanker trade loaded,..,..,..,..,..,..,..,..,..,..,..,..,..,..,..,..,..,..,..,..,..,..,..,..,..,..,..,..,..,..,..,..,..,..,..,..,14.216406,18.361531,24.774005,24.039708,28.79336,27.78,35.048679,48.639323,52.489323,52.289323,52.651,61.836,67.99,72.565,68.932
Developed economies: Asia and Oceania,Dry cargo loaded,..,..,..,..,..,..,..,..,..,..,..,..,..,..,..,..,..,..,..,..,..,..,..,..,..,..,..,..,..,..,..,..,..,..,..,..,785.860593,817.53351,880.5707,863.206687,1044.844617,1064.963282,1130.789792,1158.018894,1349.027677,1374.427677,1470.263,1623.31,1682.1927,1659.8927,1589.5667
Developed economies: Asia and Oceania,Total goods loaded,..,..,..,..,..,..,..,..,..,..,..,..,..,..,..,..,..,..,..,..,..,..,..,..,..,..,..,..,..,..,..,..,..,..,..,..,809.930113,849.240545,922.060175,900.192536,1090.317631,1108.088282,1181.379,1221.088217,1413.647,1440.247,1536.604,1695.526,1762.7577,1743.5477,1669.8987
Developed economies: Asia and Oceania,Crude oil discharged,..,..,..,..,..,..,..,..,..,..,..,..,..,..,..,..,..,..,..,..,..,..,..,..,..,..,..,..,..,..,..,..,..,..,..,..,239.502158,240.276112,281.946861,212.24112,216.939952,214.662912,222.8344,215.8731,216.4951,217.4951,215.064,212.524,192.664,184.945,153.0331
Developed economies: Asia and Oceania,Other tanker trade discharged,..,..,..,..,..,..,..,..,..,..,..,..,..,..,..,..,..,..,..,..,..,..,..,..,..,..,..,..,..,..,..,..,..,..,..,..,101.965513,105.782804,112.000198,116.092758,129.347318,130.901,120.333,128.671,109.371,113.871,106.343,109.843,109.443,97.913,79.667
Developed economies: Asia and Oceania,Dry cargo discharged,..,..,..,..,..,..,..,..,..,..,..,..,..,..,..,..,..,..,..,..,..,..,..,..,..,..,..,..,..,..,..,..,..,..,..,..,611.153906,612.587174,605.483631,477.837947,541.370538,547.158088,585.177,625.0659,670.7809,657.4809,660.3271,646.6484,659.78869,656.48909,575.81029
Developed economies: Asia and Oceania,Total goods discharged,..,..,..,..,..,..,..,..,..,..,..,..,..,..,..,..,..,..,..,..,..,..,..,..,..,..,..,..,..,..,..,..,..,..,..,..,952.621577,958.64609,999.43069,806.171825,887.657808,892.722,928.3444,969.61,996.647,988.847,981.7341,969.0154,961.89569,939.34709,808.51039
Developed economies: Asia,Crude oil loaded,..,..,..,..,..,..,..,..,..,..,..,..,..,..,..,..,..,..,..,..,..,..,..,..,..,..,..,..,..,..,..,..,..,..,..,..,0.0,0.0,0.0,0.0,0.0,0.0,0.0,0.0,0.0,0.0,0.0,0.0,0.0,0.0,0.0
Developed economies: Asia,Other tanker trade loaded,..,..,..,..,..,..,..,..,..,..,..,..,..,..,..,..,..,..,..,..,..,..,..,..,..,..,..,..,..,..,..,..,..,..,..,..,10.016787,14.4109,20.950787,19.274,24.472,17.419,14.51,13.851,14.601,13.401,11.751,12.636,15.235,19.6,18.3
Developed economies: Asia,Dry cargo loaded,..,..,..,..,..,..,..,..,..,..,..,..,..,..,..,..,..,..,..,..,..,..,..,..,..,..,..,..,..,..,..,..,..,..,..,..,153.128681,161.247568,162.049,139.77,151.206,146.783,165.965,174.964,170.414,177.014,176.648,186.533,193.233,169.933,164.293
Developed economies: Asia,Total goods loaded,..,..,..,..,..,..,..,..,..,..,..,..,..,..,..,..,..,..,..,..,..,..,..,..,..,..,..,..,..,..,..,..,..,..,..,..,163.145468,175.658468,182.999787,159.044,175.678,164.202,180.475,188.815,185.015,190.415,188.399,199.169,208.468,189.533,182.593
Developed economies: Asia,Crude oil discharged,..,..,..,..,..,..,..,..,..,..,..,..,..,..,..,..,..,..,..,..,..,..,..,..,..,..,..,..,..,..,..,..,..,..,..,..,213.257,213.257,254.65,190.74742,192.108,187.1305,190.936,189.35,189.072,189.872,190.489,185.589,163.889,162.27,136.1481
Developed economies: Asia,Other tanker trade discharged,..,..,..,..,..,..,..,..,..,..,..,..,..,..,..,..,..,..,..,..,..,..,..,..,..,..,..,..,..,..,..,..,..,..,..,..,88.466,88.466,92.802,102.26954,110.635,113.571,101.591,105.171,90.771,93.771,89.943,92.343,87.943,79.113,66.227
Developed economies: Asia,Dry cargo discharged,..,..,..,..,..,..,..,..,..,..,..,..,..,..,..,..,..,..,..,..,..,..,..,..,..,..,..,..,..,..,..,..,..,..,..,..,560.917899,560.917899,548.796,417.01958,480.44,478.1135,511.38,541.901,574.204,557.304,555.5651,558.1674,565.367,565.4674,490.9954
Developed economies: Asia,Total goods discharged,..,..,..,..,..,..,..,..,..,..,..,..,..,..,..,..,..,..,..,..,..,..,..,..,..,..,..,..,..,..,..,..,..,..,..,..,862.640899,862.640899,896.248,710.03654,783.183,778.815,803.907,836.422,854.047,840.947,835.9971,836.0994,817.199,806.8504,693.3705
Developed economies: Oceania,Crude oil loaded,..,..,..,..,..,..,..,..,..,..,..,..,..,..,..,..,..,..,..,..,..,..,..,..,..,..,..,..,..,..,..,..,..,..,..,..,9.853114,13.345504,16.71547,12.946141,16.679654,15.345,15.540529,14.43,12.13,13.53,13.69,10.38,12.575,11.09,11.4
Developed economies: Oceania,Other tanker trade loaded,..,..,..,..,..,..,..,..,..,..,..,..,..,..,..,..,..,..,..,..,..,..,..,..,..,..,..,..,..,..,..,..,..,..,..,..,4.199619,3.950631,3.823218,4.765708,4.32136,10.361,20.538679,34.788323,37.888323,38.888323,40.9,49.2,52.755,52.965,50.632
Developed economies: Oceania,Dry cargo loaded,..,..,..,..,..,..,..,..,..,..,..,..,..,..,..,..,..,..,..,..,..,..,..,..,..,..,..,..,..,..,..,..,..,..,..,..,632.731912,656.285942,718.5217,723.436687,893.638617,918.180282,964.824792,983.054894,1178.613677,1197.413677,1293.615,1436.777,1488.9597,1489.9597,1425.2737
Developed economies: Oceania,Total goods loaded,..,..,..,..,..,..,..,..,..,..,..,..,..,..,..,..,..,..,..,..,..,..,..,..,..,..,..,..,..,..,..,..,..,..,..,..,646.784645,673.582077,739.060388,741.148536,914.639631,943.886282,1000.904,1032.273217,1228.632,1249.832,1348.205,1496.357,1554.2897,1554.0147,1487.3057
Developed economies: Oceania,Crude oil discharged,..,..,..,..,..,..,..,..,..,..,..,..,..,..,..,..,..,..,..,..,..,..,..,..,..,..,..,..,..,..,..,..,..,..,..,..,26.245158,27.019112,27.296861,21.4937,24.831952,27.532412,31.8984,26.5231,27.4231,27.6231,24.575,26.935,28.775,22.675,16.885
Developed economies: Oceania,Other tanker trade discharged,..,..,..,..,..,..,..,..,..,..,..,..,..,..,..,..,..,..,..,..,..,..,..,..,..,..,..,..,..,..,..,..,..,..,..,..,13.499513,17.316804,19.198198,13.823218,18.712318,17.33,18.742,23.5,18.6,20.1,16.4,17.5,21.5,18.8,13.44
Developed economies: Oceania,Dry cargo discharged,..,..,..,..,..,..,..,..,..,..,..,..,..,..,..,..,..,..,..,..,..,..,..,..,..,..,..,..,..,..,..,..,..,..,..,..,50.236007,51.669275,56.687631,60.818367,60.930538,69.044588,73.797,83.1649,96.5769,100.1769,104.762,88.481,94.42169,91.02169,84.81489
Developed economies: Oceania,Total goods discharged,..,..,..,..,..,..,..,..,..,..,..,..,..,..,..,..,..,..,..,..,..,..,..,..,..,..,..,..,..,..,..,..,..,..,..,..,89.980678,96.005191,103.18269,96.135285,104.474808,113.907,124.4374,133.188,142.6,147.9,145.737,132.916,144.69669,132.49669,115.13989
