Period,Period Label,Year,Frequency,Frequency Label,Economy Label,CommercialMarket Label,Median time in port (days),Average age of vessels
2020S01,S1   2020,2020,S,Semi-annual,World,All ships,0.9944,18
2020S01,S1   2020,2020,S,Semi-annual,World,Passenger ships,,20
2020S01,S1   2020,2020,S,Semi-annual,World,Liquid bulk carriers,0.9701,14
2020S01,S1   2020,2020,S,Semi-annual,World,Container ships,0.6861,14
2020S01,S1   2020,2020,S,Semi-annual,World,Dry breakbulk carriers,1.1757,21
2020S01,S1   2020,2020,S,Semi-annual,World,Dry bulk carriers,2.0868,14
2020S01,S1   2020,2020,S,Semi-annual,World,Roll-on/ roll-off ships,,17
2020S01,S1   2020,2020,S,Semi-annual,World,Liquefied petroleum gas carriers,1.0389,15
2020S01,S1   2020,2020,S,Semi-annual,World,Liquefied natural gas carriers,1.1111,11
2020S01,S1   2020,2020,S,Semi-annual,Australia,All ships,1.4889,21
2020S01,S1   2020,2020,S,Semi-annual,Australia,Passenger ships,,29
2020S01,S1   2020,2020,S,Semi-annual,Australia,Liquid bulk carriers,1.2563,8
2020S01,S1   2020,2020,S,Semi-annual,Australia,Container ships,1.3083,13
2020S01,S1   2020,2020,S,Semi-annual,Australia,Dry breakbulk carriers,2.226,12
2020S01,S1   2020,2020,S,Semi-annual,Australia,Dry bulk carriers,1.6215,10
2020S01,S1   2020,2020,S,Semi-annual,Australia,Roll-on/ roll-off ships,,13
2020S01,S1   2020,2020,S,Semi-annual,Australia,Liquefied petroleum gas carriers,0.9323,10
2020S01,S1   2020,2020,S,Semi-annual,Australia,Liquefied natural gas carriers,1.1851,9
2020S01,S1   2020,2020,S,Semi-annual,Canada,All ships,0.9944,27
2020S01,S1   2020,2020,S,Semi-annual,Canada,Passenger ships,,31
2020S01,S1   2020,2020,S,Semi-annual,Canada,Liquid bulk carriers,1.0917,12
2020S01,S1   2020,2020,S,Semi-annual,Canada,Container ships,1.6229,14
2020S01,S1   2020,2020,S,Semi-annual,Canada,Dry breakbulk carriers,1.0125,13
2020S01,S1   2020,2020,S,Semi-annual,Canada,Dry bulk carriers,0.5833,21
2020S01,S1   2020,2020,S,Semi-annual,Canada,Roll-on/ roll-off ships,,18
2020S01,S1   2020,2020,S,Semi-annual,Canada,Liquefied petroleum gas carriers,1.4882,11
2020S01,S1   2020,2020,S,Semi-annual,China,All ships,1.0556,13
2020S01,S1   2020,2020,S,Semi-annual,China,Passenger ships,,12
2020S01,S1   2020,2020,S,Semi-annual,China,Liquid bulk carriers,1.1132,11
2020S01,S1   2020,2020,S,Semi-annual,China,Container ships,0.5951,12
2020S01,S1   2020,2020,S,Semi-annual,China,Dry breakbulk carriers,1.2507,17
2020S01,S1   2020,2020,S,Semi-annual,China,Dry bulk carriers,2.0215,13
2020S01,S1   2020,2020,S,Semi-annual,China,Roll-on/ roll-off ships,,14
2020S01,S1   2020,2020,S,Semi-annual,China,Liquefied petroleum gas carriers,1.0083,15
2020S01,S1   2020,2020,S,Semi-annual,China,Liquefied natural gas carriers,1.1778,10
2020S01,S1   2020,2020,S,Semi-annual,Croatia,All ships,1.1111,17
2020S01,S1   2020,2020,S,Semi-annual,Croatia,Passenger ships,,16
2020S01,S1   2020,2020,S,Semi-annual,Croatia,Liquid bulk carriers,0.9476,14
2020S01,S1   2020,2020,S,Semi-annual,Croatia,Container ships,0.6507,13
2020S01,S1   2020,2020,S,Semi-annual,Croatia,Dry breakbulk carriers,2.1979,22
2020S01,S1   2020,2020,S,Semi-annual,Croatia,Dry bulk carriers,1.7819,35
2020S01,S1   2020,2020,S,Semi-annual,Denmark,All ships,0.7868,19
2020S01,S1   2020,2020,S,Semi-annual,Denmark,Passenger ships,,19
2020S01,S1   2020,2020,S,Semi-annual,Denmark,Liquid bulk carriers,0.7076,16
2020S01,S1   2020,2020,S,Semi-annual,Denmark,Container ships,0.4458,18
2020S01,S1   2020,2020,S,Semi-annual,Denmark,Dry breakbulk carriers,0.9441,24
2020S01,S1   2020,2020,S,Semi-annual,Denmark,Dry bulk carriers,0.858,15
2020S01,S1   2020,2020,S,Semi-annual,Denmark,Roll-on/ roll-off ships,,20
2020S01,S1   2020,2020,S,Semi-annual,Denmark,Liquefied petroleum gas carriers,1.0302,11
2020S01,S1   2020,2020,S,Semi-annual,France,All ships,1.2042,16
2020S01,S1   2020,2020,S,Semi-annual,France,Passenger ships,,17
2020S01,S1   2020,2020,S,Semi-annual,France,Liquid bulk carriers,1.0958,13
2020S01,S1   2020,2020,S,Semi-annual,France,Container ships,0.8062,14
2020S01,S1   2020,2020,S,Semi-annual,France,Dry breakbulk carriers,1.7167,17
2020S01,S1   2020,2020,S,Semi-annual,France,Dry bulk carriers,3.1076,13
2020S01,S1   2020,2020,S,Semi-annual,France,Roll-on/ roll-off ships,,16
2020S01,S1   2020,2020,S,Semi-annual,France,Liquefied petroleum gas carriers,1.1017,12
2020S01,S1   2020,2020,S,Semi-annual,France,Liquefied natural gas carriers,1.1625,9
2020S01,S1   2020,2020,S,Semi-annual,Germany,All ships,0.8205,19
2020S01,S1   2020,2020,S,Semi-annual,Germany,Passenger ships,,20
2020S01,S1   2020,2020,S,Semi-annual,Germany,Liquid bulk carriers,0.5208,17
2020S01,S1   2020,2020,S,Semi-annual,Germany,Container ships,0.9667,13
2020S01,S1   2020,2020,S,Semi-annual,Germany,Dry breakbulk carriers,1.0104,21
2020S01,S1   2020,2020,S,Semi-annual,Germany,Dry bulk carriers,2.6139,14
2020S01,S1   2020,2020,S,Semi-annual,Germany,Roll-on/ roll-off ships,,16
2020S01,S1   2020,2020,S,Semi-annual,Germany,Liquefied petroleum gas carriers,0.8333,13
2020S01,S1   2020,2020,S,Semi-annual,Greece,All ships,0.849,21
2020S01,S1   2020,2020,S,Semi-annual,Greece,Passenger ships,,19
2020S01,S1   2020,2020,S,Semi-annual,Greece,Liquid bulk carriers,0.6354,22
2020S01,S1   2020,2020,S,Semi-annual,Greece,Container ships,0.9861,16
2020S01,S1   2020,2020,S,Semi-annual,Greece,Dry breakbulk carriers,1.2424,33
2020S01,S1   2020,2020,S,Semi-annual,Greece,Dry bulk carriers,0.4056,26
2020S01,S1   2020,2020,S,Semi-annual,Greece,Roll-on/ roll-off ships,,32
2020S01,S1   2020,2020,S,Semi-annual,Greece,Liquefied petroleum gas carriers,0.9722,23
2020S01,S1   2020,2020,S,Semi-annual,Greece,Liquefied natural gas carriers,1.2007,11
2020S01,S1   2020,2020,S,Semi-annual,Indonesia,All ships,1.2271,21
2020S01,S1   2020,2020,S,Semi-annual,Indonesia,Passenger ships,,23
2020S01,S1   2020,2020,S,Semi-annual,Indonesia,Liquid bulk carriers,1.1972,16
2020S01,S1   2020,2020,S,Semi-annual,Indonesia,Container ships,0.9799,14
2020S01,S1   2020,2020,S,Semi-annual,Indonesia,Dry breakbulk carriers,1.2073,20
2020S01,S1   2020,2020,S,Semi-annual,Indonesia,Dry bulk carriers,3.2125,17
2020S01,S1   2020,2020,S,Semi-annual,Indonesia,Roll-on/ roll-off ships,,34
2020S01,S1   2020,2020,S,Semi-annual,Indonesia,Liquefied petroleum gas carriers,1.0788,20
2020S01,S1   2020,2020,S,Semi-annual,Indonesia,Liquefied natural gas carriers,1.4003,20
2020S01,S1   2020,2020,S,Semi-annual,Italy,All ships,1.3111,26
2020S01,S1   2020,2020,S,Semi-annual,Italy,Passenger ships,,29
2020S01,S1   2020,2020,S,Semi-annual,Italy,Liquid bulk carriers,1.2986,17
2020S01,S1   2020,2020,S,Semi-annual,Italy,Container ships,0.916,16
2020S01,S1   2020,2020,S,Semi-annual,Italy,Dry breakbulk carriers,2.0542,20
2020S01,S1   2020,2020,S,Semi-annual,Italy,Dry bulk carriers,3.6125,14
2020S01,S1   2020,2020,S,Semi-annual,Italy,Roll-on/ roll-off ships,,13
2020S01,S1   2020,2020,S,Semi-annual,Italy,Liquefied petroleum gas carriers,1.5465,12
2020S01,S1   2020,2020,S,Semi-annual,Japan,All ships,0.3993,14
2020S01,S1   2020,2020,S,Semi-annual,Japan,Passenger ships,,16
2020S01,S1   2020,2020,S,Semi-annual,Japan,Liquid bulk carriers,0.3063,12
2020S01,S1   2020,2020,S,Semi-annual,Japan,Container ships,0.3354,13
2020S01,S1   2020,2020,S,Semi-annual,Japan,Dry breakbulk carriers,1.1708,15
2020S01,S1   2020,2020,S,Semi-annual,Japan,Dry bulk carriers,0.8396,14
2020S01,S1   2020,2020,S,Semi-annual,Japan,Roll-on/ roll-off ships,,12
2020S01,S1   2020,2020,S,Semi-annual,Japan,Liquefied petroleum gas carriers,0.3403,15
2020S01,S1   2020,2020,S,Semi-annual,Japan,Liquefied natural gas carriers,0.9958,14
2020S01,S1   2020,2020,S,Semi-annual,"Korea, Republic of",All ships,0.8431,15
2020S01,S1   2020,2020,S,Semi-annual,"Korea, Republic of",Passenger ships,,17
2020S01,S1   2020,2020,S,Semi-annual,"Korea, Republic of",Liquid bulk carriers,0.8056,13
2020S01,S1   2020,2020,S,Semi-annual,"Korea, Republic of",Container ships,0.6153,13
2020S01,S1   2020,2020,S,Semi-annual,"Korea, Republic of",Dry breakbulk carriers,1.2375,18
2020S01,S1   2020,2020,S,Semi-annual,"Korea, Republic of",Dry bulk carriers,2.0333,15
2020S01,S1   2020,2020,S,Semi-annual,"Korea, Republic of",Roll-on/ roll-off ships,,18
2020S01,S1   2020,2020,S,Semi-annual,"Korea, Republic of",Liquefied petroleum gas carriers,0.8674,17
2020S01,S1   2020,2020,S,Semi-annual,"Korea, Republic of",Liquefied natural gas carriers,1.025,12
2020S01,S1   2020,2020,S,Semi-annual,Netherlands,All ships,0.5889,17
2020S01,S1   2020,2020,S,Semi-annual,Netherlands,Passenger ships,,15
2020S01,S1   2020,2020,S,Semi-annual,Netherlands,Liquid bulk carriers,0.5472,16
2020S01,S1   2020,2020,S,Semi-annual,Netherlands,Container ships,0.7917,14
2020S01,S1   2020,2020,S,Semi-annual,Netherlands,Dry breakbulk carriers,0.4,19
2020S01,S1   2020,2020,S,Semi-annual,Netherlands,Dry bulk carriers,0.2111,11
2020S01,S1   2020,2020,S,Semi-annual,Netherlands,Roll-on/ roll-off ships,,22
2020S01,S1   2020,2020,S,Semi-annual,Netherlands,Liquefied petroleum gas carriers,0.9757,12
2020S01,S1   2020,2020,S,Semi-annual,Netherlands,Liquefied natural gas carriers,1.0326,5
2020S01,S1   2020,2020,S,Semi-annual,Norway,All ships,0.4028,15
2020S01,S1   2020,2020,S,Semi-annual,Norway,Passenger ships,,14
2020S01,S1   2020,2020,S,Semi-annual,Norway,Liquid bulk carriers,0.6035,15
2020S01,S1   2020,2020,S,Semi-annual,Norway,Container ships,0.3295,16
2020S01,S1   2020,2020,S,Semi-annual,Norway,Dry breakbulk carriers,0.3042,23
2020S01,S1   2020,2020,S,Semi-annual,Norway,Dry bulk carriers,0.8472,15
2020S01,S1   2020,2020,S,Semi-annual,Norway,Roll-on/ roll-off ships,,18
2020S01,S1   2020,2020,S,Semi-annual,Norway,Liquefied petroleum gas carriers,0.7705,11
2020S01,S1   2020,2020,S,Semi-annual,Norway,Liquefied natural gas carriers,0.2576,14
2020S01,S1   2020,2020,S,Semi-annual,Russian Federation,All ships,1.4424,25
2020S01,S1   2020,2020,S,Semi-annual,Russian Federation,Passenger ships,,36
2020S01,S1   2020,2020,S,Semi-annual,Russian Federation,Liquid bulk carriers,1.1437,23
2020S01,S1   2020,2020,S,Semi-annual,Russian Federation,Container ships,1.3253,18
2020S01,S1   2020,2020,S,Semi-annual,Russian Federation,Dry breakbulk carriers,1.7493,31
2020S01,S1   2020,2020,S,Semi-annual,Russian Federation,Dry bulk carriers,2.4722,13
2020S01,S1   2020,2020,S,Semi-annual,Russian Federation,Roll-on/ roll-off ships,,31
2020S01,S1   2020,2020,S,Semi-annual,Russian Federation,Liquefied petroleum gas carriers,1.3903,11
2020S01,S1   2020,2020,S,Semi-annual,Russian Federation,Liquefied natural gas carriers,1.0688,8
2020S01,S1   2020,2020,S,Semi-annual,Spain,All ships,0.9021,17
2020S01,S1   2020,2020,S,Semi-annual,Spain,Passenger ships,,19
2020S01,S1   2020,2020,S,Semi-annual,Spain,Liquid bulk carriers,0.9007,12
2020S01,S1   2020,2020,S,Semi-annual,Spain,Container ships,0.6632,15
2020S01,S1   2020,2020,S,Semi-annual,Spain,Dry breakbulk carriers,1.2389,16
2020S01,S1   2020,2020,S,Semi-annual,Spain,Dry bulk carriers,1.8323,17
2020S01,S1   2020,2020,S,Semi-annual,Spain,Roll-on/ roll-off ships,,17
2020S01,S1   2020,2020,S,Semi-annual,Spain,Liquefied petroleum gas carriers,1.0097,14
2020S01,S1   2020,2020,S,Semi-annual,Spain,Liquefied natural gas carriers,1.0375,9
2020S01,S1   2020,2020,S,Semi-annual,Sweden,All ships,0.8087,22
2020S01,S1   2020,2020,S,Semi-annual,Sweden,Passenger ships,,24
2020S01,S1   2020,2020,S,Semi-annual,Sweden,Liquid bulk carriers,0.6983,14
2020S01,S1   2020,2020,S,Semi-annual,Sweden,Container ships,0.6361,15
2020S01,S1   2020,2020,S,Semi-annual,Sweden,Dry breakbulk carriers,1.0552,21
2020S01,S1   2020,2020,S,Semi-annual,Sweden,Dry bulk carriers,0.4979,29
2020S01,S1   2020,2020,S,Semi-annual,Sweden,Roll-on/ roll-off ships,,20
2020S01,S1   2020,2020,S,Semi-annual,Sweden,Liquefied petroleum gas carriers,0.849,14
2020S01,S1   2020,2020,S,Semi-annual,Turkey,All ships,1.1858,25
2020S01,S1   2020,2020,S,Semi-annual,Turkey,Passenger ships,,26
2020S01,S1   2020,2020,S,Semi-annual,Turkey,Liquid bulk carriers,1.1976,14
2020S01,S1   2020,2020,S,Semi-annual,Turkey,Container ships,0.6056,17
2020S01,S1   2020,2020,S,Semi-annual,Turkey,Dry breakbulk carriers,1.5215,28
2020S01,S1   2020,2020,S,Semi-annual,Turkey,Dry bulk carriers,3.8139,15
2020S01,S1   2020,2020,S,Semi-annual,Turkey,Roll-on/ roll-off ships,,25
2020S01,S1   2020,2020,S,Semi-annual,Turkey,Liquefied petroleum gas carriers,1.2319,16
2020S01,S1   2020,2020,S,Semi-annual,Turkey,Liquefied natural gas carriers,1.2951,11
2020S01,S1   2020,2020,S,Semi-annual,United States of America,All ships,1.4625,24
2020S01,S1   2020,2020,S,Semi-annual,United States of America,Passenger ships,,28
2020S01,S1   2020,2020,S,Semi-annual,United States of America,Liquid bulk carriers,1.6444,11
2020S01,S1   2020,2020,S,Semi-annual,United States of America,Container ships,1.0132,14
2020S01,S1   2020,2020,S,Semi-annual,United States of America,Dry breakbulk carriers,1.9313,18
2020S01,S1   2020,2020,S,Semi-annual,United States of America,Dry bulk carriers,2.1361,17
2020S01,S1   2020,2020,S,Semi-annual,United States of America,Roll-on/ roll-off ships,,13
2020S01,S1   2020,2020,S,Semi-annual,United States of America,Liquefied petroleum gas carriers,1.9736,9
2020S01,S1   2020,2020,S,Semi-annual,United States of America,Liquefied natural gas carriers,1.2222,6
2020S01,S1   2020,2020,S,Semi-annual,United Kingdom,All ships,1.1014,17
2020S01,S1   2020,2020,S,Semi-annual,United Kingdom,Passenger ships,,17
2020S01,S1   2020,2020,S,Semi-annual,United Kingdom,Liquid bulk carriers,1.0521,14
2020S01,S1   2020,2020,S,Semi-annual,United Kingdom,Container ships,0.7083,15
2020S01,S1   2020,2020,S,Semi-annual,United Kingdom,Dry breakbulk carriers,1.5222,19
2020S01,S1   2020,2020,S,Semi-annual,United Kingdom,Dry bulk carriers,2.5,12
2020S01,S1   2020,2020,S,Semi-annual,United Kingdom,Roll-on/ roll-off ships,,14
2020S01,S1   2020,2020,S,Semi-annual,United Kingdom,Liquefied petroleum gas carriers,1.0698,12
2020S01,S1   2020,2020,S,Semi-annual,United Kingdom,Liquefied natural gas carriers,1.3566,8
2020S02,S2   2020,2020,S,Semi-annual,World,All ships,1.0021,18
2020S02,S2   2020,2020,S,Semi-annual,World,Passenger ships,,20
2020S02,S2   2020,2020,S,Semi-annual,World,Liquid bulk carriers,0.966,14
2020S02,S2   2020,2020,S,Semi-annual,World,Container ships,0.7257,13
2020S02,S2   2020,2020,S,Semi-annual,World,Dry breakbulk carriers,1.1278,21
2020S02,S2   2020,2020,S,Semi-annual,World,Dry bulk carriers,2.0465,14
2020S02,S2   2020,2020,S,Semi-annual,World,Roll-on/ roll-off ships,,17
2020S02,S2   2020,2020,S,Semi-annual,World,Liquefied petroleum gas carriers,1.0444,14
2020S02,S2   2020,2020,S,Semi-annual,World,Liquefied natural gas carriers,1.1281,11
2020S02,S2   2020,2020,S,Semi-annual,Australia,All ships,1.5229,20
2020S02,S2   2020,2020,S,Semi-annual,Australia,Passenger ships,,30
2020S02,S2   2020,2020,S,Semi-annual,Australia,Liquid bulk carriers,1.2965,8
2020S02,S2   2020,2020,S,Semi-annual,Australia,Container ships,1.5545,13
2020S02,S2   2020,2020,S,Semi-annual,Australia,Dry breakbulk carriers,1.8535,11
2020S02,S2   2020,2020,S,Semi-annual,Australia,Dry bulk carriers,1.6028,10
2020S02,S2   2020,2020,S,Semi-annual,Australia,Roll-on/ roll-off ships,,12
2020S02,S2   2020,2020,S,Semi-annual,Australia,Liquefied petroleum gas carriers,0.8938,9
2020S02,S2   2020,2020,S,Semi-annual,Australia,Liquefied natural gas carriers,1.2038,9
2020S02,S2   2020,2020,S,Semi-annual,Canada,All ships,0.625,26
2020S02,S2   2020,2020,S,Semi-annual,Canada,Passenger ships,,29
2020S02,S2   2020,2020,S,Semi-annual,Canada,Liquid bulk carriers,1.0806,11
2020S02,S2   2020,2020,S,Semi-annual,Canada,Container ships,1.8628,13
2020S02,S2   2020,2020,S,Semi-annual,Canada,Dry breakbulk carriers,0.4313,12
2020S02,S2   2020,2020,S,Semi-annual,Canada,Dry bulk carriers,0.2792,23
2020S02,S2   2020,2020,S,Semi-annual,Canada,Roll-on/ roll-off ships,,19
2020S02,S2   2020,2020,S,Semi-annual,Canada,Liquefied petroleum gas carriers,1.5288,12
2020S02,S2   2020,2020,S,Semi-annual,China,All ships,1.0958,13
2020S02,S2   2020,2020,S,Semi-annual,China,Passenger ships,,13
2020S02,S2   2020,2020,S,Semi-annual,China,Liquid bulk carriers,1.1646,11
2020S02,S2   2020,2020,S,Semi-annual,China,Container ships,0.6479,12
2020S02,S2   2020,2020,S,Semi-annual,China,Dry breakbulk carriers,1.2924,16
2020S02,S2   2020,2020,S,Semi-annual,China,Dry bulk carriers,2.0146,13
2020S02,S2   2020,2020,S,Semi-annual,China,Roll-on/ roll-off ships,,13
2020S02,S2   2020,2020,S,Semi-annual,China,Liquefied petroleum gas carriers,1.0368,13
2020S02,S2   2020,2020,S,Semi-annual,China,Liquefied natural gas carriers,1.2007,9
2020S02,S2   2020,2020,S,Semi-annual,Croatia,All ships,1.1118,15
2020S02,S2   2020,2020,S,Semi-annual,Croatia,Passenger ships,,15
2020S02,S2   2020,2020,S,Semi-annual,Croatia,Liquid bulk carriers,0.8951,14
2020S02,S2   2020,2020,S,Semi-annual,Croatia,Container ships,0.5719,14
2020S02,S2   2020,2020,S,Semi-annual,Croatia,Dry breakbulk carriers,2.3253,22
2020S02,S2   2020,2020,S,Semi-annual,Croatia,Dry bulk carriers,2.5951,34
2020S02,S2   2020,2020,S,Semi-annual,Denmark,All ships,0.7601,19
2020S02,S2   2020,2020,S,Semi-annual,Denmark,Passenger ships,,19
2020S02,S2   2020,2020,S,Semi-annual,Denmark,Liquid bulk carriers,0.6837,16
2020S02,S2   2020,2020,S,Semi-annual,Denmark,Container ships,0.4483,14
2020S02,S2   2020,2020,S,Semi-annual,Denmark,Dry breakbulk carriers,0.9118,24
2020S02,S2   2020,2020,S,Semi-annual,Denmark,Dry bulk carriers,0.8618,11
2020S02,S2   2020,2020,S,Semi-annual,Denmark,Roll-on/ roll-off ships,,19
2020S02,S2   2020,2020,S,Semi-annual,Denmark,Liquefied petroleum gas carriers,1.059,12
2020S02,S2   2020,2020,S,Semi-annual,France,All ships,1.1035,16
2020S02,S2   2020,2020,S,Semi-annual,France,Passenger ships,,18
2020S02,S2   2020,2020,S,Semi-annual,France,Liquid bulk carriers,1.0194,13
2020S02,S2   2020,2020,S,Semi-annual,France,Container ships,0.7615,13
2020S02,S2   2020,2020,S,Semi-annual,France,Dry breakbulk carriers,1.5778,17
2020S02,S2   2020,2020,S,Semi-annual,France,Dry bulk carriers,2.7743,13
2020S02,S2   2020,2020,S,Semi-annual,France,Roll-on/ roll-off ships,,15
2020S02,S2   2020,2020,S,Semi-annual,France,Liquefied petroleum gas carriers,1.1583,11
2020S02,S2   2020,2020,S,Semi-annual,France,Liquefied natural gas carriers,1.167,9
2020S02,S2   2020,2020,S,Semi-annual,Germany,All ships,0.7958,19
2020S02,S2   2020,2020,S,Semi-annual,Germany,Passenger ships,,20
2020S02,S2   2020,2020,S,Semi-annual,Germany,Liquid bulk carriers,0.5049,18
2020S02,S2   2020,2020,S,Semi-annual,Germany,Container ships,1,13
2020S02,S2   2020,2020,S,Semi-annual,Germany,Dry breakbulk carriers,0.9069,21
2020S02,S2   2020,2020,S,Semi-annual,Germany,Dry bulk carriers,2.2295,12
2020S02,S2   2020,2020,S,Semi-annual,Germany,Roll-on/ roll-off ships,,17
2020S02,S2   2020,2020,S,Semi-annual,Germany,Liquefied petroleum gas carriers,0.8528,13
2020S02,S2   2020,2020,S,Semi-annual,Greece,All ships,0.7997,22
2020S02,S2   2020,2020,S,Semi-annual,Greece,Passenger ships,,21
2020S02,S2   2020,2020,S,Semi-annual,Greece,Liquid bulk carriers,0.6007,21
2020S02,S2   2020,2020,S,Semi-annual,Greece,Container ships,0.9729,15
2020S02,S2   2020,2020,S,Semi-annual,Greece,Dry breakbulk carriers,1.0951,33
2020S02,S2   2020,2020,S,Semi-annual,Greece,Dry bulk carriers,0.4455,26
2020S02,S2   2020,2020,S,Semi-annual,Greece,Roll-on/ roll-off ships,,31
2020S02,S2   2020,2020,S,Semi-annual,Greece,Liquefied petroleum gas carriers,1.0007,24
2020S02,S2   2020,2020,S,Semi-annual,Greece,Liquefied natural gas carriers,1.2955,10
2020S02,S2   2020,2020,S,Semi-annual,Indonesia,All ships,1.2174,20
2020S02,S2   2020,2020,S,Semi-annual,Indonesia,Passenger ships,,21
2020S02,S2   2020,2020,S,Semi-annual,Indonesia,Liquid bulk carriers,1.241,15
2020S02,S2   2020,2020,S,Semi-annual,Indonesia,Container ships,0.9958,14
2020S02,S2   2020,2020,S,Semi-annual,Indonesia,Dry breakbulk carriers,1.0896,20
2020S02,S2   2020,2020,S,Semi-annual,Indonesia,Dry bulk carriers,2.9785,17
2020S02,S2   2020,2020,S,Semi-annual,Indonesia,Roll-on/ roll-off ships,,33
2020S02,S2   2020,2020,S,Semi-annual,Indonesia,Liquefied petroleum gas carriers,1.1049,19
2020S02,S2   2020,2020,S,Semi-annual,Indonesia,Liquefied natural gas carriers,1.4076,18
2020S02,S2   2020,2020,S,Semi-annual,Italy,All ships,1.3101,27
2020S02,S2   2020,2020,S,Semi-annual,Italy,Passenger ships,,29
2020S02,S2   2020,2020,S,Semi-annual,Italy,Liquid bulk carriers,1.2729,18
2020S02,S2   2020,2020,S,Semi-annual,Italy,Container ships,0.9264,16
2020S02,S2   2020,2020,S,Semi-annual,Italy,Dry breakbulk carriers,2.0264,19
2020S02,S2   2020,2020,S,Semi-annual,Italy,Dry bulk carriers,3.4809,16
2020S02,S2   2020,2020,S,Semi-annual,Italy,Roll-on/ roll-off ships,,13
2020S02,S2   2020,2020,S,Semi-annual,Italy,Liquefied petroleum gas carriers,1.7056,13
2020S02,S2   2020,2020,S,Semi-annual,Japan,All ships,0.3951,13
2020S02,S2   2020,2020,S,Semi-annual,Japan,Passenger ships,,15
2020S02,S2   2020,2020,S,Semi-annual,Japan,Liquid bulk carriers,0.3118,12
2020S02,S2   2020,2020,S,Semi-annual,Japan,Container ships,0.3389,12
2020S02,S2   2020,2020,S,Semi-annual,Japan,Dry breakbulk carriers,1.0986,14
2020S02,S2   2020,2020,S,Semi-annual,Japan,Dry bulk carriers,0.8194,13
2020S02,S2   2020,2020,S,Semi-annual,Japan,Roll-on/ roll-off ships,,11
2020S02,S2   2020,2020,S,Semi-annual,Japan,Liquefied petroleum gas carriers,0.3319,14
2020S02,S2   2020,2020,S,Semi-annual,Japan,Liquefied natural gas carriers,1.0354,13
2020S02,S2   2020,2020,S,Semi-annual,"Korea, Republic of",All ships,0.8722,14
2020S02,S2   2020,2020,S,Semi-annual,"Korea, Republic of",Passenger ships,,15
2020S02,S2   2020,2020,S,Semi-annual,"Korea, Republic of",Liquid bulk carriers,0.7792,12
2020S02,S2   2020,2020,S,Semi-annual,"Korea, Republic of",Container ships,0.6667,13
2020S02,S2   2020,2020,S,Semi-annual,"Korea, Republic of",Dry breakbulk carriers,1.1958,17
2020S02,S2   2020,2020,S,Semi-annual,"Korea, Republic of",Dry bulk carriers,2.0135,14
2020S02,S2   2020,2020,S,Semi-annual,"Korea, Republic of",Roll-on/ roll-off ships,,17
2020S02,S2   2020,2020,S,Semi-annual,"Korea, Republic of",Liquefied petroleum gas carriers,0.841,17
2020S02,S2   2020,2020,S,Semi-annual,"Korea, Republic of",Liquefied natural gas carriers,1.0344,10
2020S02,S2   2020,2020,S,Semi-annual,Netherlands,All ships,0.5701,17
2020S02,S2   2020,2020,S,Semi-annual,Netherlands,Passenger ships,,15
2020S02,S2   2020,2020,S,Semi-annual,Netherlands,Liquid bulk carriers,0.5042,16
2020S02,S2   2020,2020,S,Semi-annual,Netherlands,Container ships,0.8153,14
2020S02,S2   2020,2020,S,Semi-annual,Netherlands,Dry breakbulk carriers,0.4097,19
2020S02,S2   2020,2020,S,Semi-annual,Netherlands,Dry bulk carriers,1.0993,11
2020S02,S2   2020,2020,S,Semi-annual,Netherlands,Roll-on/ roll-off ships,,22
2020S02,S2   2020,2020,S,Semi-annual,Netherlands,Liquefied petroleum gas carriers,1.0347,12
2020S02,S2   2020,2020,S,Semi-annual,Netherlands,Liquefied natural gas carriers,1.0608,6
2020S02,S2   2020,2020,S,Semi-annual,Norway,All ships,0.4028,14
2020S02,S2   2020,2020,S,Semi-annual,Norway,Passenger ships,,13
2020S02,S2   2020,2020,S,Semi-annual,Norway,Liquid bulk carriers,0.6083,16
2020S02,S2   2020,2020,S,Semi-annual,Norway,Container ships,0.3319,15
2020S02,S2   2020,2020,S,Semi-annual,Norway,Dry breakbulk carriers,0.3167,23
2020S02,S2   2020,2020,S,Semi-annual,Norway,Dry bulk carriers,0.8017,15
2020S02,S2   2020,2020,S,Semi-annual,Norway,Roll-on/ roll-off ships,,17
2020S02,S2   2020,2020,S,Semi-annual,Norway,Liquefied petroleum gas carriers,0.7528,11
2020S02,S2   2020,2020,S,Semi-annual,Norway,Liquefied natural gas carriers,0.2892,14
2020S02,S2   2020,2020,S,Semi-annual,Russian Federation,All ships,1.2806,27
2020S02,S2   2020,2020,S,Semi-annual,Russian Federation,Passenger ships,,37
2020S02,S2   2020,2020,S,Semi-annual,Russian Federation,Liquid bulk carriers,0.9681,24
2020S02,S2   2020,2020,S,Semi-annual,Russian Federation,Container ships,1.2924,18
2020S02,S2   2020,2020,S,Semi-annual,Russian Federation,Dry breakbulk carriers,1.4264,33
2020S02,S2   2020,2020,S,Semi-annual,Russian Federation,Dry bulk carriers,2.3566,15
2020S02,S2   2020,2020,S,Semi-annual,Russian Federation,Roll-on/ roll-off ships,,33
2020S02,S2   2020,2020,S,Semi-annual,Russian Federation,Liquefied petroleum gas carriers,1.3125,12
2020S02,S2   2020,2020,S,Semi-annual,Russian Federation,Liquefied natural gas carriers,1.1437,7
2020S02,S2   2020,2020,S,Semi-annual,Spain,All ships,0.9021,16
2020S02,S2   2020,2020,S,Semi-annual,Spain,Passenger ships,,18
2020S02,S2   2020,2020,S,Semi-annual,Spain,Liquid bulk carriers,0.9118,12
2020S02,S2   2020,2020,S,Semi-annual,Spain,Container ships,0.6622,14
2020S02,S2   2020,2020,S,Semi-annual,Spain,Dry breakbulk carriers,1.184,16
2020S02,S2   2020,2020,S,Semi-annual,Spain,Dry bulk carriers,1.7528,16
2020S02,S2   2020,2020,S,Semi-annual,Spain,Roll-on/ roll-off ships,,18
2020S02,S2   2020,2020,S,Semi-annual,Spain,Liquefied petroleum gas carriers,1.0625,12
2020S02,S2   2020,2020,S,Semi-annual,Spain,Liquefied natural gas carriers,1.0604,9
2020S02,S2   2020,2020,S,Semi-annual,Sweden,All ships,0.7837,22
2020S02,S2   2020,2020,S,Semi-annual,Sweden,Passenger ships,,24
2020S02,S2   2020,2020,S,Semi-annual,Sweden,Liquid bulk carriers,0.658,14
2020S02,S2   2020,2020,S,Semi-annual,Sweden,Container ships,0.6056,15
2020S02,S2   2020,2020,S,Semi-annual,Sweden,Dry breakbulk carriers,1.0458,21
2020S02,S2   2020,2020,S,Semi-annual,Sweden,Dry bulk carriers,0.4743,27
2020S02,S2   2020,2020,S,Semi-annual,Sweden,Roll-on/ roll-off ships,,21
2020S02,S2   2020,2020,S,Semi-annual,Sweden,Liquefied petroleum gas carriers,0.8167,15
2020S02,S2   2020,2020,S,Semi-annual,Sweden,Liquefied natural gas carriers,0.8219,6
2020S02,S2   2020,2020,S,Semi-annual,Turkey,All ships,1.1965,25
2020S02,S2   2020,2020,S,Semi-annual,Turkey,Passenger ships,,26
2020S02,S2   2020,2020,S,Semi-annual,Turkey,Liquid bulk carriers,1.2111,14
2020S02,S2   2020,2020,S,Semi-annual,Turkey,Container ships,0.6215,16
2020S02,S2   2020,2020,S,Semi-annual,Turkey,Dry breakbulk carriers,1.5431,28
2020S02,S2   2020,2020,S,Semi-annual,Turkey,Dry bulk carriers,3.9743,15
2020S02,S2   2020,2020,S,Semi-annual,Turkey,Roll-on/ roll-off ships,,25
2020S02,S2   2020,2020,S,Semi-annual,Turkey,Liquefied petroleum gas carriers,1.4278,15
2020S02,S2   2020,2020,S,Semi-annual,Turkey,Liquefied natural gas carriers,1.2729,10
2020S02,S2   2020,2020,S,Semi-annual,United States of America,All ships,1.4438,25
2020S02,S2   2020,2020,S,Semi-annual,United States of America,Passenger ships,,29
2020S02,S2   2020,2020,S,Semi-annual,United States of America,Liquid bulk carriers,1.5872,10
2020S02,S2   2020,2020,S,Semi-annual,United States of America,Container ships,1.0566,14
2020S02,S2   2020,2020,S,Semi-annual,United States of America,Dry breakbulk carriers,1.8792,17
2020S02,S2   2020,2020,S,Semi-annual,United States of America,Dry bulk carriers,1.8399,21
2020S02,S2   2020,2020,S,Semi-annual,United States of America,Roll-on/ roll-off ships,,13
2020S02,S2   2020,2020,S,Semi-annual,United States of America,Liquefied petroleum gas carriers,1.9694,9
2020S02,S2   2020,2020,S,Semi-annual,United States of America,Liquefied natural gas carriers,1.2757,6
2020S02,S2   2020,2020,S,Semi-annual,United Kingdom,All ships,1.1125,17
2020S02,S2   2020,2020,S,Semi-annual,United Kingdom,Passenger ships,,17
2020S02,S2   2020,2020,S,Semi-annual,United Kingdom,Liquid bulk carriers,1.034,14
2020S02,S2   2020,2020,S,Semi-annual,United Kingdom,Container ships,0.7535,15
2020S02,S2   2020,2020,S,Semi-annual,United Kingdom,Dry breakbulk carriers,1.5378,18
2020S02,S2   2020,2020,S,Semi-annual,United Kingdom,Dry bulk carriers,3.0299,13
2020S02,S2   2020,2020,S,Semi-annual,United Kingdom,Roll-on/ roll-off ships,,14
2020S02,S2   2020,2020,S,Semi-annual,United Kingdom,Liquefied petroleum gas carriers,1.0535,11
2020S02,S2   2020,2020,S,Semi-annual,United Kingdom,Liquefied natural gas carriers,1.2507,8
2021S01,S1   2021,2021,S,Semi-annual,World,All ships,1.041,18
2021S01,S1   2021,2021,S,Semi-annual,World,Passenger ships,,20
2021S01,S1   2021,2021,S,Semi-annual,World,Liquid bulk carriers,0.984,15
2021S01,S1   2021,2021,S,Semi-annual,World,Container ships,0.775,14
2021S01,S1   2021,2021,S,Semi-annual,World,Dry breakbulk carriers,1.1896,21
2021S01,S1   2021,2021,S,Semi-annual,World,Dry bulk carriers,2.1299,14
2021S01,S1   2021,2021,S,Semi-annual,World,Roll-on/ roll-off ships,,17
2021S01,S1   2021,2021,S,Semi-annual,World,Liquefied petroleum gas carriers,1.0306,15
2021S01,S1   2021,2021,S,Semi-annual,World,Liquefied natural gas carriers,1.1285,12
2021S01,S1   2021,2021,S,Semi-annual,Australia,All ships,1.5736,21
2021S01,S1   2021,2021,S,Semi-annual,Australia,Passenger ships,,30
2021S01,S1   2021,2021,S,Semi-annual,Australia,Liquid bulk carriers,1.2628,8
2021S01,S1   2021,2021,S,Semi-annual,Australia,Container ships,1.4583,14
2021S01,S1   2021,2021,S,Semi-annual,Australia,Dry breakbulk carriers,1.9486,11
2021S01,S1   2021,2021,S,Semi-annual,Australia,Dry bulk carriers,1.7198,10
2021S01,S1   2021,2021,S,Semi-annual,Australia,Roll-on/ roll-off ships,,12
2021S01,S1   2021,2021,S,Semi-annual,Australia,Liquefied petroleum gas carriers,0.9479,11
2021S01,S1   2021,2021,S,Semi-annual,Australia,Liquefied natural gas carriers,1.2465,10
2021S01,S1   2021,2021,S,Semi-annual,Canada,All ships,0.9726,28
2021S01,S1   2021,2021,S,Semi-annual,Canada,Passenger ships,,30
2021S01,S1   2021,2021,S,Semi-annual,Canada,Liquid bulk carriers,1.1007,12
2021S01,S1   2021,2021,S,Semi-annual,Canada,Container ships,1.8233,15
2021S01,S1   2021,2021,S,Semi-annual,Canada,Dry breakbulk carriers,0.8663,13
2021S01,S1   2021,2021,S,Semi-annual,Canada,Dry bulk carriers,0.5514,22
2021S01,S1   2021,2021,S,Semi-annual,Canada,Roll-on/ roll-off ships,,20
2021S01,S1   2021,2021,S,Semi-annual,Canada,Liquefied petroleum gas carriers,1.5292,9
2021S01,S1   2021,2021,S,Semi-annual,China,All ships,1.134,14
2021S01,S1   2021,2021,S,Semi-annual,China,Passenger ships,,14
2021S01,S1   2021,2021,S,Semi-annual,China,Liquid bulk carriers,1.1684,12
2021S01,S1   2021,2021,S,Semi-annual,China,Container ships,0.6806,13
2021S01,S1   2021,2021,S,Semi-annual,China,Dry breakbulk carriers,1.4358,17
2021S01,S1   2021,2021,S,Semi-annual,China,Dry bulk carriers,2.0292,14
2021S01,S1   2021,2021,S,Semi-annual,China,Roll-on/ roll-off ships,,12
2021S01,S1   2021,2021,S,Semi-annual,China,Liquefied petroleum gas carriers,1.0382,14
2021S01,S1   2021,2021,S,Semi-annual,China,Liquefied natural gas carriers,1.1854,10
2021S01,S1   2021,2021,S,Semi-annual,Croatia,All ships,1.1587,16
2021S01,S1   2021,2021,S,Semi-annual,Croatia,Passenger ships,,16
2021S01,S1   2021,2021,S,Semi-annual,Croatia,Liquid bulk carriers,0.8729,15
2021S01,S1   2021,2021,S,Semi-annual,Croatia,Container ships,0.575,15
2021S01,S1   2021,2021,S,Semi-annual,Croatia,Dry breakbulk carriers,2.6444,23
2021S01,S1   2021,2021,S,Semi-annual,Croatia,Dry bulk carriers,2.3125,28
2021S01,S1   2021,2021,S,Semi-annual,Denmark,All ships,0.7653,20
2021S01,S1   2021,2021,S,Semi-annual,Denmark,Passenger ships,,20
2021S01,S1   2021,2021,S,Semi-annual,Denmark,Liquid bulk carriers,0.7076,17
2021S01,S1   2021,2021,S,Semi-annual,Denmark,Container ships,0.4576,16
2021S01,S1   2021,2021,S,Semi-annual,Denmark,Dry breakbulk carriers,0.8785,24
2021S01,S1   2021,2021,S,Semi-annual,Denmark,Dry bulk carriers,0.8618,11
2021S01,S1   2021,2021,S,Semi-annual,Denmark,Roll-on/ roll-off ships,,20
2021S01,S1   2021,2021,S,Semi-annual,Denmark,Liquefied petroleum gas carriers,1.0368,10
2021S01,S1   2021,2021,S,Semi-annual,France,All ships,1.1799,17
2021S01,S1   2021,2021,S,Semi-annual,France,Passenger ships,,18
2021S01,S1   2021,2021,S,Semi-annual,France,Liquid bulk carriers,1.0399,13
2021S01,S1   2021,2021,S,Semi-annual,France,Container ships,0.9333,14
2021S01,S1   2021,2021,S,Semi-annual,France,Dry breakbulk carriers,1.6437,18
2021S01,S1   2021,2021,S,Semi-annual,France,Dry bulk carriers,2.8882,15
2021S01,S1   2021,2021,S,Semi-annual,France,Roll-on/ roll-off ships,,17
2021S01,S1   2021,2021,S,Semi-annual,France,Liquefied petroleum gas carriers,1.0774,12
2021S01,S1   2021,2021,S,Semi-annual,France,Liquefied natural gas carriers,1.1083,10
2021S01,S1   2021,2021,S,Semi-annual,Germany,All ships,0.8444,19
2021S01,S1   2021,2021,S,Semi-annual,Germany,Passenger ships,,20
2021S01,S1   2021,2021,S,Semi-annual,Germany,Liquid bulk carriers,0.5632,18
2021S01,S1   2021,2021,S,Semi-annual,Germany,Container ships,1.0833,14
2021S01,S1   2021,2021,S,Semi-annual,Germany,Dry breakbulk carriers,0.8663,21
2021S01,S1   2021,2021,S,Semi-annual,Germany,Dry bulk carriers,2.7833,12
2021S01,S1   2021,2021,S,Semi-annual,Germany,Roll-on/ roll-off ships,,17
2021S01,S1   2021,2021,S,Semi-annual,Germany,Liquefied petroleum gas carriers,0.8677,15
2021S01,S1   2021,2021,S,Semi-annual,Greece,All ships,0.8576,23
2021S01,S1   2021,2021,S,Semi-annual,Greece,Passenger ships,,22
2021S01,S1   2021,2021,S,Semi-annual,Greece,Liquid bulk carriers,0.6194,22
2021S01,S1   2021,2021,S,Semi-annual,Greece,Container ships,1.0184,16
2021S01,S1   2021,2021,S,Semi-annual,Greece,Dry breakbulk carriers,1.1469,33
2021S01,S1   2021,2021,S,Semi-annual,Greece,Dry bulk carriers,0.6378,26
2021S01,S1   2021,2021,S,Semi-annual,Greece,Roll-on/ roll-off ships,,33
2021S01,S1   2021,2021,S,Semi-annual,Greece,Liquefied petroleum gas carriers,1,23
2021S01,S1   2021,2021,S,Semi-annual,Greece,Liquefied natural gas carriers,1.1715,11
2021S01,S1   2021,2021,S,Semi-annual,Indonesia,All ships,1.2931,21
2021S01,S1   2021,2021,S,Semi-annual,Indonesia,Passenger ships,,22
2021S01,S1   2021,2021,S,Semi-annual,Indonesia,Liquid bulk carriers,1.3056,16
2021S01,S1   2021,2021,S,Semi-annual,Indonesia,Container ships,1.0451,15
2021S01,S1   2021,2021,S,Semi-annual,Indonesia,Dry breakbulk carriers,1.2118,21
2021S01,S1   2021,2021,S,Semi-annual,Indonesia,Dry bulk carriers,3.0396,17
2021S01,S1   2021,2021,S,Semi-annual,Indonesia,Roll-on/ roll-off ships,,32
2021S01,S1   2021,2021,S,Semi-annual,Indonesia,Liquefied petroleum gas carriers,1.0719,19
2021S01,S1   2021,2021,S,Semi-annual,Indonesia,Liquefied natural gas carriers,1.4285,20
2021S01,S1   2021,2021,S,Semi-annual,Italy,All ships,1.3326,28
2021S01,S1   2021,2021,S,Semi-annual,Italy,Passenger ships,,31
2021S01,S1   2021,2021,S,Semi-annual,Italy,Liquid bulk carriers,1.3257,17
2021S01,S1   2021,2021,S,Semi-annual,Italy,Container ships,0.9319,17
2021S01,S1   2021,2021,S,Semi-annual,Italy,Dry breakbulk carriers,1.9222,20
2021S01,S1   2021,2021,S,Semi-annual,Italy,Dry bulk carriers,3.325,16
2021S01,S1   2021,2021,S,Semi-annual,Italy,Roll-on/ roll-off ships,,13
2021S01,S1   2021,2021,S,Semi-annual,Italy,Liquefied petroleum gas carriers,1.549,14
2021S01,S1   2021,2021,S,Semi-annual,Japan,All ships,0.4146,14
2021S01,S1   2021,2021,S,Semi-annual,Japan,Passenger ships,,16
2021S01,S1   2021,2021,S,Semi-annual,Japan,Liquid bulk carriers,0.3111,12
2021S01,S1   2021,2021,S,Semi-annual,Japan,Container ships,0.3562,13
2021S01,S1   2021,2021,S,Semi-annual,Japan,Dry breakbulk carriers,1.1951,15
2021S01,S1   2021,2021,S,Semi-annual,Japan,Dry bulk carriers,0.9035,14
2021S01,S1   2021,2021,S,Semi-annual,Japan,Roll-on/ roll-off ships,,12
2021S01,S1   2021,2021,S,Semi-annual,Japan,Liquefied petroleum gas carriers,0.3153,14
2021S01,S1   2021,2021,S,Semi-annual,Japan,Liquefied natural gas carriers,1.0222,13
2021S01,S1   2021,2021,S,Semi-annual,"Korea, Republic of",All ships,0.9,15
2021S01,S1   2021,2021,S,Semi-annual,"Korea, Republic of",Passenger ships,,14
2021S01,S1   2021,2021,S,Semi-annual,"Korea, Republic of",Liquid bulk carriers,0.7667,13
2021S01,S1   2021,2021,S,Semi-annual,"Korea, Republic of",Container ships,0.6951,14
2021S01,S1   2021,2021,S,Semi-annual,"Korea, Republic of",Dry breakbulk carriers,1.2167,19
2021S01,S1   2021,2021,S,Semi-annual,"Korea, Republic of",Dry bulk carriers,2.0924,14
2021S01,S1   2021,2021,S,Semi-annual,"Korea, Republic of",Roll-on/ roll-off ships,,20
2021S01,S1   2021,2021,S,Semi-annual,"Korea, Republic of",Liquefied petroleum gas carriers,0.8424,16
2021S01,S1   2021,2021,S,Semi-annual,"Korea, Republic of",Liquefied natural gas carriers,1.0389,13
2021S01,S1   2021,2021,S,Semi-annual,Netherlands,All ships,0.6104,17
2021S01,S1   2021,2021,S,Semi-annual,Netherlands,Passenger ships,,15
2021S01,S1   2021,2021,S,Semi-annual,Netherlands,Liquid bulk carriers,0.5326,17
2021S01,S1   2021,2021,S,Semi-annual,Netherlands,Container ships,0.8806,15
2021S01,S1   2021,2021,S,Semi-annual,Netherlands,Dry breakbulk carriers,0.4812,20
2021S01,S1   2021,2021,S,Semi-annual,Netherlands,Dry bulk carriers,1.0354,11
2021S01,S1   2021,2021,S,Semi-annual,Netherlands,Roll-on/ roll-off ships,,22
2021S01,S1   2021,2021,S,Semi-annual,Netherlands,Liquefied petroleum gas carriers,0.9132,15
2021S01,S1   2021,2021,S,Semi-annual,Netherlands,Liquefied natural gas carriers,1.0118,6
2021S01,S1   2021,2021,S,Semi-annual,Norway,All ships,0.4111,14
2021S01,S1   2021,2021,S,Semi-annual,Norway,Passenger ships,,13
2021S01,S1   2021,2021,S,Semi-annual,Norway,Liquid bulk carriers,0.6125,15
2021S01,S1   2021,2021,S,Semi-annual,Norway,Container ships,0.3493,16
2021S01,S1   2021,2021,S,Semi-annual,Norway,Dry breakbulk carriers,0.3125,24
2021S01,S1   2021,2021,S,Semi-annual,Norway,Dry bulk carriers,0.8847,16
2021S01,S1   2021,2021,S,Semi-annual,Norway,Roll-on/ roll-off ships,,18
2021S01,S1   2021,2021,S,Semi-annual,Norway,Liquefied petroleum gas carriers,0.8101,10
2021S01,S1   2021,2021,S,Semi-annual,Norway,Liquefied natural gas carriers,0.2931,15
2021S01,S1   2021,2021,S,Semi-annual,Russian Federation,All ships,1.509,26
2021S01,S1   2021,2021,S,Semi-annual,Russian Federation,Passenger ships,,37
2021S01,S1   2021,2021,S,Semi-annual,Russian Federation,Liquid bulk carriers,1.1493,24
2021S01,S1   2021,2021,S,Semi-annual,Russian Federation,Container ships,1.4118,16
2021S01,S1   2021,2021,S,Semi-annual,Russian Federation,Dry breakbulk carriers,1.8573,32
2021S01,S1   2021,2021,S,Semi-annual,Russian Federation,Dry bulk carriers,2.5472,15
2021S01,S1   2021,2021,S,Semi-annual,Russian Federation,Roll-on/ roll-off ships,,32
2021S01,S1   2021,2021,S,Semi-annual,Russian Federation,Liquefied petroleum gas carriers,1.6014,14
2021S01,S1   2021,2021,S,Semi-annual,Russian Federation,Liquefied natural gas carriers,1.1187,9
2021S01,S1   2021,2021,S,Semi-annual,Spain,All ships,0.9021,17
2021S01,S1   2021,2021,S,Semi-annual,Spain,Passenger ships,,19
2021S01,S1   2021,2021,S,Semi-annual,Spain,Liquid bulk carriers,0.9174,13
2021S01,S1   2021,2021,S,Semi-annual,Spain,Container ships,0.6451,15
2021S01,S1   2021,2021,S,Semi-annual,Spain,Dry breakbulk carriers,1.1653,17
2021S01,S1   2021,2021,S,Semi-annual,Spain,Dry bulk carriers,1.7694,16
2021S01,S1   2021,2021,S,Semi-annual,Spain,Roll-on/ roll-off ships,,20
2021S01,S1   2021,2021,S,Semi-annual,Spain,Liquefied petroleum gas carriers,1.0361,12
2021S01,S1   2021,2021,S,Semi-annual,Spain,Liquefied natural gas carriers,1.0184,12
2021S01,S1   2021,2021,S,Semi-annual,Sweden,All ships,0.7736,23
2021S01,S1   2021,2021,S,Semi-annual,Sweden,Passenger ships,,26
2021S01,S1   2021,2021,S,Semi-annual,Sweden,Liquid bulk carriers,0.6528,15
2021S01,S1   2021,2021,S,Semi-annual,Sweden,Container ships,0.6149,16
2021S01,S1   2021,2021,S,Semi-annual,Sweden,Dry breakbulk carriers,1.0222,21
2021S01,S1   2021,2021,S,Semi-annual,Sweden,Dry bulk carriers,0.4437,27
2021S01,S1   2021,2021,S,Semi-annual,Sweden,Roll-on/ roll-off ships,,21
2021S01,S1   2021,2021,S,Semi-annual,Sweden,Liquefied petroleum gas carriers,0.8076,15
2021S01,S1   2021,2021,S,Semi-annual,Turkey,All ships,1.1958,24
2021S01,S1   2021,2021,S,Semi-annual,Turkey,Passenger ships,,25
2021S01,S1   2021,2021,S,Semi-annual,Turkey,Liquid bulk carriers,1.192,14
2021S01,S1   2021,2021,S,Semi-annual,Turkey,Container ships,0.6236,17
2021S01,S1   2021,2021,S,Semi-annual,Turkey,Dry breakbulk carriers,1.4931,29
2021S01,S1   2021,2021,S,Semi-annual,Turkey,Dry bulk carriers,3.7319,16
2021S01,S1   2021,2021,S,Semi-annual,Turkey,Roll-on/ roll-off ships,,24
2021S01,S1   2021,2021,S,Semi-annual,Turkey,Liquefied petroleum gas carriers,1.234,19
2021S01,S1   2021,2021,S,Semi-annual,Turkey,Liquefied natural gas carriers,1.2569,10
2021S01,S1   2021,2021,S,Semi-annual,United States of America,All ships,1.5639,26
2021S01,S1   2021,2021,S,Semi-annual,United States of America,Passenger ships,,30
2021S01,S1   2021,2021,S,Semi-annual,United States of America,Liquid bulk carriers,1.5684,11
2021S01,S1   2021,2021,S,Semi-annual,United States of America,Container ships,1.2069,15
2021S01,S1   2021,2021,S,Semi-annual,United States of America,Dry breakbulk carriers,2.0076,17
2021S01,S1   2021,2021,S,Semi-annual,United States of America,Dry bulk carriers,2.3632,17
2021S01,S1   2021,2021,S,Semi-annual,United States of America,Roll-on/ roll-off ships,,14
2021S01,S1   2021,2021,S,Semi-annual,United States of America,Liquefied petroleum gas carriers,1.8507,9
2021S01,S1   2021,2021,S,Semi-annual,United States of America,Liquefied natural gas carriers,1.2844,6
2021S01,S1   2021,2021,S,Semi-annual,United Kingdom,All ships,1.1625,18
2021S01,S1   2021,2021,S,Semi-annual,United Kingdom,Passenger ships,,19
2021S01,S1   2021,2021,S,Semi-annual,United Kingdom,Liquid bulk carriers,1.0514,15
2021S01,S1   2021,2021,S,Semi-annual,United Kingdom,Container ships,0.8035,16
2021S01,S1   2021,2021,S,Semi-annual,United Kingdom,Dry breakbulk carriers,1.525,20
2021S01,S1   2021,2021,S,Semi-annual,United Kingdom,Dry bulk carriers,2.9014,14
2021S01,S1   2021,2021,S,Semi-annual,United Kingdom,Roll-on/ roll-off ships,,14
2021S01,S1   2021,2021,S,Semi-annual,United Kingdom,Liquefied petroleum gas carriers,1.0556,12
2021S01,S1   2021,2021,S,Semi-annual,United Kingdom,Liquefied natural gas carriers,1.2271,7
2021S02,S2   2021,2021,S,Semi-annual,World,All ships,1.0507,18
2021S02,S2   2021,2021,S,Semi-annual,World,Passenger ships,,20
2021S02,S2   2021,2021,S,Semi-annual,World,Liquid bulk carriers,0.9771,14
2021S02,S2   2021,2021,S,Semi-annual,World,Container ships,0.8306,14
2021S02,S2   2021,2021,S,Semi-annual,World,Dry breakbulk carriers,1.1583,21
2021S02,S2   2021,2021,S,Semi-annual,World,Dry bulk carriers,2.0826,14
2021S02,S2   2021,2021,S,Semi-annual,World,Roll-on/ roll-off ships,,17
2021S02,S2   2021,2021,S,Semi-annual,World,Liquefied petroleum gas carriers,1.0229,15
2021S02,S2   2021,2021,S,Semi-annual,World,Liquefied natural gas carriers,1.1313,11
2021S02,S2   2021,2021,S,Semi-annual,Australia,All ships,1.5646,19
2021S02,S2   2021,2021,S,Semi-annual,Australia,Passenger ships,,30
2021S02,S2   2021,2021,S,Semi-annual,Australia,Liquid bulk carriers,1.3135,8
2021S02,S2   2021,2021,S,Semi-annual,Australia,Container ships,1.6972,14
2021S02,S2   2021,2021,S,Semi-annual,Australia,Dry breakbulk carriers,1.9854,11
2021S02,S2   2021,2021,S,Semi-annual,Australia,Dry bulk carriers,1.6417,10
2021S02,S2   2021,2021,S,Semi-annual,Australia,Roll-on/ roll-off ships,,10
2021S02,S2   2021,2021,S,Semi-annual,Australia,Liquefied petroleum gas carriers,0.8778,10
2021S02,S2   2021,2021,S,Semi-annual,Australia,Liquefied natural gas carriers,1.2674,9
2021S02,S2   2021,2021,S,Semi-annual,Canada,All ships,0.5889,26
2021S02,S2   2021,2021,S,Semi-annual,Canada,Passenger ships,,28
2021S02,S2   2021,2021,S,Semi-annual,Canada,Liquid bulk carriers,1.0264,12
2021S02,S2   2021,2021,S,Semi-annual,Canada,Container ships,1.7677,15
2021S02,S2   2021,2021,S,Semi-annual,Canada,Dry breakbulk carriers,0.6667,13
2021S02,S2   2021,2021,S,Semi-annual,Canada,Dry bulk carriers,0.1885,23
2021S02,S2   2021,2021,S,Semi-annual,Canada,Roll-on/ roll-off ships,,24
2021S02,S2   2021,2021,S,Semi-annual,Canada,Liquefied petroleum gas carriers,1.4889,7
2021S02,S2   2021,2021,S,Semi-annual,China,All ships,1.1681,13
2021S02,S2   2021,2021,S,Semi-annual,China,Passenger ships,,14
2021S02,S2   2021,2021,S,Semi-annual,China,Liquid bulk carriers,1.1257,12
2021S02,S2   2021,2021,S,Semi-annual,China,Container ships,0.7799,13
2021S02,S2   2021,2021,S,Semi-annual,China,Dry breakbulk carriers,1.5639,17
2021S02,S2   2021,2021,S,Semi-annual,China,Dry bulk carriers,2.066,14
2021S02,S2   2021,2021,S,Semi-annual,China,Roll-on/ roll-off ships,,12
2021S02,S2   2021,2021,S,Semi-annual,China,Liquefied petroleum gas carriers,1.0472,14
2021S02,S2   2021,2021,S,Semi-annual,China,Liquefied natural gas carriers,1.1965,9
2021S02,S2   2021,2021,S,Semi-annual,Croatia,All ships,1.1986,17
2021S02,S2   2021,2021,S,Semi-annual,Croatia,Passenger ships,,16
2021S02,S2   2021,2021,S,Semi-annual,Croatia,Liquid bulk carriers,0.9427,15
2021S02,S2   2021,2021,S,Semi-annual,Croatia,Container ships,0.6361,14
2021S02,S2   2021,2021,S,Semi-annual,Croatia,Dry breakbulk carriers,2.2302,23
2021S02,S2   2021,2021,S,Semi-annual,Croatia,Dry bulk carriers,2.5451,29
2021S02,S2   2021,2021,S,Semi-annual,Croatia,Liquefied natural gas carriers,1.5611,8
2021S02,S2   2021,2021,S,Semi-annual,Denmark,All ships,0.7354,20
2021S02,S2   2021,2021,S,Semi-annual,Denmark,Passenger ships,,20
2021S02,S2   2021,2021,S,Semi-annual,Denmark,Liquid bulk carriers,0.684,17
2021S02,S2   2021,2021,S,Semi-annual,Denmark,Container ships,0.5358,14
2021S02,S2   2021,2021,S,Semi-annual,Denmark,Dry breakbulk carriers,0.8142,24
2021S02,S2   2021,2021,S,Semi-annual,Denmark,Dry bulk carriers,0.7601,11
2021S02,S2   2021,2021,S,Semi-annual,Denmark,Roll-on/ roll-off ships,,20
2021S02,S2   2021,2021,S,Semi-annual,Denmark,Liquefied petroleum gas carriers,1.1243,14
2021S02,S2   2021,2021,S,Semi-annual,France,All ships,1.1521,17
2021S02,S2   2021,2021,S,Semi-annual,France,Passenger ships,,18
2021S02,S2   2021,2021,S,Semi-annual,France,Liquid bulk carriers,1.0111,13
2021S02,S2   2021,2021,S,Semi-annual,France,Container ships,0.9913,13
2021S02,S2   2021,2021,S,Semi-annual,France,Dry breakbulk carriers,1.5056,17
2021S02,S2   2021,2021,S,Semi-annual,France,Dry bulk carriers,3.0708,13
2021S02,S2   2021,2021,S,Semi-annual,France,Roll-on/ roll-off ships,,18
2021S02,S2   2021,2021,S,Semi-annual,France,Liquefied petroleum gas carriers,1.0868,12
2021S02,S2   2021,2021,S,Semi-annual,France,Liquefied natural gas carriers,1.1413,11
2021S02,S2   2021,2021,S,Semi-annual,Germany,All ships,0.833,19
2021S02,S2   2021,2021,S,Semi-annual,Germany,Passenger ships,,21
2021S02,S2   2021,2021,S,Semi-annual,Germany,Liquid bulk carriers,0.5462,17
2021S02,S2   2021,2021,S,Semi-annual,Germany,Container ships,1.1785,13
2021S02,S2   2021,2021,S,Semi-annual,Germany,Dry breakbulk carriers,0.8354,21
2021S02,S2   2021,2021,S,Semi-annual,Germany,Dry bulk carriers,2.2729,11
2021S02,S2   2021,2021,S,Semi-annual,Germany,Roll-on/ roll-off ships,,17
2021S02,S2   2021,2021,S,Semi-annual,Germany,Liquefied petroleum gas carriers,0.8875,14
2021S02,S2   2021,2021,S,Semi-annual,Greece,All ships,0.8368,22
2021S02,S2   2021,2021,S,Semi-annual,Greece,Passenger ships,,21
2021S02,S2   2021,2021,S,Semi-annual,Greece,Liquid bulk carriers,0.6125,21
2021S02,S2   2021,2021,S,Semi-annual,Greece,Container ships,1.0719,16
2021S02,S2   2021,2021,S,Semi-annual,Greece,Dry breakbulk carriers,1.1465,33
2021S02,S2   2021,2021,S,Semi-annual,Greece,Dry bulk carriers,0.6417,26
2021S02,S2   2021,2021,S,Semi-annual,Greece,Roll-on/ roll-off ships,,35
2021S02,S2   2021,2021,S,Semi-annual,Greece,Liquefied petroleum gas carriers,0.9847,24
2021S02,S2   2021,2021,S,Semi-annual,Greece,Liquefied natural gas carriers,1.2674,9
2021S02,S2   2021,2021,S,Semi-annual,Indonesia,All ships,1.2854,20
2021S02,S2   2021,2021,S,Semi-annual,Indonesia,Passenger ships,,22
2021S02,S2   2021,2021,S,Semi-annual,Indonesia,Liquid bulk carriers,1.3021,15
2021S02,S2   2021,2021,S,Semi-annual,Indonesia,Container ships,1.0819,15
2021S02,S2   2021,2021,S,Semi-annual,Indonesia,Dry breakbulk carriers,1.1538,21
2021S02,S2   2021,2021,S,Semi-annual,Indonesia,Dry bulk carriers,2.5524,18
2021S02,S2   2021,2021,S,Semi-annual,Indonesia,Roll-on/ roll-off ships,,32
2021S02,S2   2021,2021,S,Semi-annual,Indonesia,Liquefied petroleum gas carriers,1.0833,20
2021S02,S2   2021,2021,S,Semi-annual,Indonesia,Liquefied natural gas carriers,1.4222,16
2021S02,S2   2021,2021,S,Semi-annual,Italy,All ships,1.3576,28
2021S02,S2   2021,2021,S,Semi-annual,Italy,Passenger ships,,30
2021S02,S2   2021,2021,S,Semi-annual,Italy,Liquid bulk carriers,1.2493,19
2021S02,S2   2021,2021,S,Semi-annual,Italy,Container ships,0.9965,16
2021S02,S2   2021,2021,S,Semi-annual,Italy,Dry breakbulk carriers,2.0097,19
2021S02,S2   2021,2021,S,Semi-annual,Italy,Dry bulk carriers,3.666,14
2021S02,S2   2021,2021,S,Semi-annual,Italy,Roll-on/ roll-off ships,,13
2021S02,S2   2021,2021,S,Semi-annual,Italy,Liquefied petroleum gas carriers,1.7306,14
2021S02,S2   2021,2021,S,Semi-annual,Japan,All ships,0.4174,13
2021S02,S2   2021,2021,S,Semi-annual,Japan,Passenger ships,,15
2021S02,S2   2021,2021,S,Semi-annual,Japan,Liquid bulk carriers,0.3104,12
2021S02,S2   2021,2021,S,Semi-annual,Japan,Container ships,0.3708,13
2021S02,S2   2021,2021,S,Semi-annual,Japan,Dry breakbulk carriers,1.1913,14
2021S02,S2   2021,2021,S,Semi-annual,Japan,Dry bulk carriers,0.7552,13
2021S02,S2   2021,2021,S,Semi-annual,Japan,Roll-on/ roll-off ships,,11
2021S02,S2   2021,2021,S,Semi-annual,Japan,Liquefied petroleum gas carriers,0.3222,13
2021S02,S2   2021,2021,S,Semi-annual,Japan,Liquefied natural gas carriers,1.0347,13
2021S02,S2   2021,2021,S,Semi-annual,"Korea, Republic of",All ships,0.8889,15
2021S02,S2   2021,2021,S,Semi-annual,"Korea, Republic of",Passenger ships,,11
2021S02,S2   2021,2021,S,Semi-annual,"Korea, Republic of",Liquid bulk carriers,0.7382,13
2021S02,S2   2021,2021,S,Semi-annual,"Korea, Republic of",Container ships,0.7354,13
2021S02,S2   2021,2021,S,Semi-annual,"Korea, Republic of",Dry breakbulk carriers,1.1583,19
2021S02,S2   2021,2021,S,Semi-annual,"Korea, Republic of",Dry bulk carriers,2.184,13
2021S02,S2   2021,2021,S,Semi-annual,"Korea, Republic of",Roll-on/ roll-off ships,,20
2021S02,S2   2021,2021,S,Semi-annual,"Korea, Republic of",Liquefied petroleum gas carriers,0.8,14
2021S02,S2   2021,2021,S,Semi-annual,"Korea, Republic of",Liquefied natural gas carriers,1.05,11
2021S02,S2   2021,2021,S,Semi-annual,Netherlands,All ships,0.6257,17
2021S02,S2   2021,2021,S,Semi-annual,Netherlands,Passenger ships,,14
2021S02,S2   2021,2021,S,Semi-annual,Netherlands,Liquid bulk carriers,0.6083,17
2021S02,S2   2021,2021,S,Semi-annual,Netherlands,Container ships,0.8944,15
2021S02,S2   2021,2021,S,Semi-annual,Netherlands,Dry breakbulk carriers,0.3896,20
2021S02,S2   2021,2021,S,Semi-annual,Netherlands,Dry bulk carriers,1.3604,10
2021S02,S2   2021,2021,S,Semi-annual,Netherlands,Roll-on/ roll-off ships,,21
2021S02,S2   2021,2021,S,Semi-annual,Netherlands,Liquefied petroleum gas carriers,0.9896,14
2021S02,S2   2021,2021,S,Semi-annual,Netherlands,Liquefied natural gas carriers,1.0299,8
2021S02,S2   2021,2021,S,Semi-annual,Norway,All ships,0.4215,13
2021S02,S2   2021,2021,S,Semi-annual,Norway,Passenger ships,,12
2021S02,S2   2021,2021,S,Semi-annual,Norway,Liquid bulk carriers,0.5833,15
2021S02,S2   2021,2021,S,Semi-annual,Norway,Container ships,0.3521,16
2021S02,S2   2021,2021,S,Semi-annual,Norway,Dry breakbulk carriers,0.3368,24
2021S02,S2   2021,2021,S,Semi-annual,Norway,Dry bulk carriers,0.7549,17
2021S02,S2   2021,2021,S,Semi-annual,Norway,Roll-on/ roll-off ships,,17
2021S02,S2   2021,2021,S,Semi-annual,Norway,Liquefied petroleum gas carriers,0.8951,10
2021S02,S2   2021,2021,S,Semi-annual,Norway,Liquefied natural gas carriers,0.2889,15
2021S02,S2   2021,2021,S,Semi-annual,Russian Federation,All ships,1.4285,25
2021S02,S2   2021,2021,S,Semi-annual,Russian Federation,Passenger ships,,28
2021S02,S2   2021,2021,S,Semi-annual,Russian Federation,Liquid bulk carriers,1.0597,22
2021S02,S2   2021,2021,S,Semi-annual,Russian Federation,Container ships,1.7104,16
2021S02,S2   2021,2021,S,Semi-annual,Russian Federation,Dry breakbulk carriers,1.7194,30
2021S02,S2   2021,2021,S,Semi-annual,Russian Federation,Dry bulk carriers,2.4868,16
2021S02,S2   2021,2021,S,Semi-annual,Russian Federation,Roll-on/ roll-off ships,,28
2021S02,S2   2021,2021,S,Semi-annual,Russian Federation,Liquefied petroleum gas carriers,1.4708,18
2021S02,S2   2021,2021,S,Semi-annual,Russian Federation,Liquefied natural gas carriers,1.15,10
2021S02,S2   2021,2021,S,Semi-annual,Spain,All ships,0.9007,17
2021S02,S2   2021,2021,S,Semi-annual,Spain,Passenger ships,,19
2021S02,S2   2021,2021,S,Semi-annual,Spain,Liquid bulk carriers,0.8868,12
2021S02,S2   2021,2021,S,Semi-annual,Spain,Container ships,0.6563,15
2021S02,S2   2021,2021,S,Semi-annual,Spain,Dry breakbulk carriers,1.2007,16
2021S02,S2   2021,2021,S,Semi-annual,Spain,Dry bulk carriers,1.7875,15
2021S02,S2   2021,2021,S,Semi-annual,Spain,Roll-on/ roll-off ships,,13
2021S02,S2   2021,2021,S,Semi-annual,Spain,Liquefied petroleum gas carriers,1.0035,12
2021S02,S2   2021,2021,S,Semi-annual,Spain,Liquefied natural gas carriers,1.0812,10
2021S02,S2   2021,2021,S,Semi-annual,Sweden,All ships,0.7694,23
2021S02,S2   2021,2021,S,Semi-annual,Sweden,Passenger ships,,25
2021S02,S2   2021,2021,S,Semi-annual,Sweden,Liquid bulk carriers,0.6667,14
2021S02,S2   2021,2021,S,Semi-annual,Sweden,Container ships,0.7024,15
2021S02,S2   2021,2021,S,Semi-annual,Sweden,Dry breakbulk carriers,0.9854,22
2021S02,S2   2021,2021,S,Semi-annual,Sweden,Dry bulk carriers,0.467,25
2021S02,S2   2021,2021,S,Semi-annual,Sweden,Roll-on/ roll-off ships,,20
2021S02,S2   2021,2021,S,Semi-annual,Sweden,Liquefied petroleum gas carriers,0.8069,15
2021S02,S2   2021,2021,S,Semi-annual,Sweden,Liquefied natural gas carriers,0.7069,7
2021S02,S2   2021,2021,S,Semi-annual,Turkey,All ships,1.2347,24
2021S02,S2   2021,2021,S,Semi-annual,Turkey,Passenger ships,,25
2021S02,S2   2021,2021,S,Semi-annual,Turkey,Liquid bulk carriers,1.1521,14
2021S02,S2   2021,2021,S,Semi-annual,Turkey,Container ships,0.6382,17
2021S02,S2   2021,2021,S,Semi-annual,Turkey,Dry breakbulk carriers,1.5764,28
2021S02,S2   2021,2021,S,Semi-annual,Turkey,Dry bulk carriers,4.0833,16
2021S02,S2   2021,2021,S,Semi-annual,Turkey,Roll-on/ roll-off ships,,25
2021S02,S2   2021,2021,S,Semi-annual,Turkey,Liquefied petroleum gas carriers,1.1903,20
2021S02,S2   2021,2021,S,Semi-annual,Turkey,Liquefied natural gas carriers,1.1563,8
2021S02,S2   2021,2021,S,Semi-annual,United States of America,All ships,1.5861,26
2021S02,S2   2021,2021,S,Semi-annual,United States of America,Passenger ships,,30
2021S02,S2   2021,2021,S,Semi-annual,United States of America,Liquid bulk carriers,1.6201,11
2021S02,S2   2021,2021,S,Semi-annual,United States of America,Container ships,1.2958,15
2021S02,S2   2021,2021,S,Semi-annual,United States of America,Dry breakbulk carriers,2.0563,16
2021S02,S2   2021,2021,S,Semi-annual,United States of America,Dry bulk carriers,2.0778,20
2021S02,S2   2021,2021,S,Semi-annual,United States of America,Roll-on/ roll-off ships,,13
2021S02,S2   2021,2021,S,Semi-annual,United States of America,Liquefied petroleum gas carriers,1.8135,9
2021S02,S2   2021,2021,S,Semi-annual,United States of America,Liquefied natural gas carriers,1.2521,6
2021S02,S2   2021,2021,S,Semi-annual,United Kingdom,All ships,1.1639,18
2021S02,S2   2021,2021,S,Semi-annual,United Kingdom,Passenger ships,,18
2021S02,S2   2021,2021,S,Semi-annual,United Kingdom,Liquid bulk carriers,1.0438,14
2021S02,S2   2021,2021,S,Semi-annual,United Kingdom,Container ships,0.8503,16
2021S02,S2   2021,2021,S,Semi-annual,United Kingdom,Dry breakbulk carriers,1.5236,19
2021S02,S2   2021,2021,S,Semi-annual,United Kingdom,Dry bulk carriers,3.049,13
2021S02,S2   2021,2021,S,Semi-annual,United Kingdom,Roll-on/ roll-off ships,,15
2021S02,S2   2021,2021,S,Semi-annual,United Kingdom,Liquefied petroleum gas carriers,1.0486,11
2021S02,S2   2021,2021,S,Semi-annual,United Kingdom,Liquefied natural gas carriers,1.234,8
